"","Gene","BaseGeneMean","OutlierFactor","GeneMean","DEFacGroup1","DEFacGroup2","DEFacGroup3","DEFacGroup4","DEFacGroup5"
"Gene1","Gene1",0.0259875267202054,1,0.0259875267202054,1,1,1,1,1
"Gene2","Gene2",0.000429369994579277,1,0.000429369994579277,0.852464949415345,1,1,1,1
"Gene3","Gene3",0.0281421245663606,1,0.0281421245663606,1,1,1,1,1
"Gene4","Gene4",0.030514862477947,1,0.030514862477947,1,1,1,1.17063233773026,0.340937660820316
"Gene5","Gene5",0.0211705739809491,1,0.0211705739809491,1,1,1,1,1
"Gene6","Gene6",0.038623452640897,1,0.038623452640897,1,1,1,1,1
"Gene7","Gene7",0.0123621762779987,1,0.0123621762779987,1,1,1,1,1
"Gene8","Gene8",0.0309980613107427,1,0.0309980613107427,1,1,1,1,1
"Gene9","Gene9",0.06190522026254,1,0.06190522026254,1,1.54370004645584,0.932066735151788,1,1
"Gene10","Gene10",0.0342657222340054,1,0.0342657222340054,1,1.27723635423702,1,1,1
"Gene11","Gene11",0.0182494596848237,1,0.0182494596848237,1,1,1.45597437534294,1,1
"Gene12","Gene12",0.202865335038192,1,0.202865335038192,1,1,1,1,1
"Gene13","Gene13",0.00815310473064503,1,0.00815310473064503,1,1,1,1,1
"Gene14","Gene14",0.197812463730719,1,0.197812463730719,0.493320466254279,1,0.839220700705902,1,1
"Gene15","Gene15",0.0183332586704813,1,0.0183332586704813,1,1,1,1,1
"Gene16","Gene16",0.0955248175359192,1,0.0955248175359192,1,1.34302110172239,1,1,1
"Gene17","Gene17",0.0309937268439068,1,0.0309937268439068,1,1,1,1,1
"Gene18","Gene18",0.0257397674174071,1,0.0257397674174071,1,1,1,1,1
"Gene19","Gene19",0.0475576775573655,1,0.0475576775573655,1,1,1,0.532995122119252,1
"Gene20","Gene20",0.0215436381047949,1,0.0215436381047949,1,1,1,1,1
"Gene21","Gene21",0.0236040552146216,1,0.0236040552146216,1,1,1,1,1
"Gene22","Gene22",0.00767807253556348,45.5788722740066,1.07651319132467,1,1,1,1,1
"Gene23","Gene23",0.000813757172287781,40.7601605122398,0.962701538733788,1,1,1,1,1
"Gene24","Gene24",0.0326234925587822,45.1348565964031,1.06602612329846,1,1,1,1,1
"Gene25","Gene25",0.148897197339361,1,0.148897197339361,1,1,1,1,1
"Gene26","Gene26",0.0250199378687203,1,0.0250199378687203,1,1,1,1,1
"Gene27","Gene27",0.017370879612041,37.4455508829981,0.884414806045024,1,1,0.744680569536476,1,1
"Gene28","Gene28",0.181184150807084,1,0.181184150807084,1,1,1,1,1
"Gene29","Gene29",0.0398709413827643,1,0.0398709413827643,1,1.72112731192573,1.38031116020566,1,0.605917069210649
"Gene30","Gene30",0.088015153483934,1,0.088015153483934,1,0.518770952887472,1.25674620056947,1,1
"Gene31","Gene31",0.0909947782712503,42.6242313144116,1.00672844655278,1,1,1,0.72131577456517,1
"Gene32","Gene32",0.0365182164668024,1,0.0365182164668024,1,0.916618422971082,1,1,1
"Gene33","Gene33",0.0135070200373919,1,0.0135070200373919,1,1,1,1,1
"Gene34","Gene34",0.00953314792341065,1,0.00953314792341065,1,1,1,1,1
"Gene35","Gene35",0.0417279178179196,1,0.0417279178179196,1,1,1,1,1
"Gene36","Gene36",0.0680090232457276,1,0.0680090232457276,1,1,1,1,1
"Gene37","Gene37",0.0334228877249942,1,0.0334228877249942,1,1,1,1,1
"Gene38","Gene38",0.000895369506181097,1,0.000895369506181097,1,1,1,1,1
"Gene39","Gene39",0.00765882273045768,1,0.00765882273045768,1,1,1,1,1
"Gene40","Gene40",0.0719051265743914,1,0.0719051265743914,1,1,1,1,0.840104291424047
"Gene41","Gene41",0.0132639510436218,1,0.0132639510436218,1,1,1,1,1
"Gene42","Gene42",0.000546717734000972,1,0.000546717734000972,1,1,1,1,1
"Gene43","Gene43",0.236979921148172,1,0.236979921148172,1,1,1,1,1.34535802423915
"Gene44","Gene44",0.0175468668090314,1,0.0175468668090314,1.32237710677496,1,1,1,0.933811842569162
"Gene45","Gene45",0.000865012458278872,1,0.000865012458278872,1.36254634775397,1,1,1,1
"Gene46","Gene46",0.00550728052429141,1,0.00550728052429141,1,1,1,1,1
"Gene47","Gene47",0.0292039252187971,1,0.0292039252187971,1,1,1,1,1
"Gene48","Gene48",0.0161685623380052,1,0.0161685623380052,1,1,1,1,1
"Gene49","Gene49",0.00675588982506237,1,0.00675588982506237,0.998450098206557,1,1,1,1
"Gene50","Gene50",0.0110479637831826,1,0.0110479637831826,0.888857558581469,1,1,1,1
"Gene51","Gene51",0.0163460543228871,1,0.0163460543228871,1,1,1,1,1
"Gene52","Gene52",0.0046270172258926,1,0.0046270172258926,1,1,1,1,1
"Gene53","Gene53",0.0519693604187532,1,0.0519693604187532,1,1,1,1,1
"Gene54","Gene54",0.00645926492410285,1,0.00645926492410285,1,1,1,1,1
"Gene55","Gene55",0.032821100332864,1,0.032821100332864,1,1,1,1,1
"Gene56","Gene56",0.00564760101451942,1,0.00564760101451942,0.801337392976845,0.899392976216751,1,1,1
"Gene57","Gene57",0.0166972466814137,1,0.0166972466814137,1,1,1,1,1
"Gene58","Gene58",0.0450321143705594,1,0.0450321143705594,1,1,1,1,1
"Gene59","Gene59",0.0613937183436773,1,0.0613937183436773,1,1,1,1,1
"Gene60","Gene60",0.0135119261490888,1,0.0135119261490888,1,1,1,1,2.27271287416829
"Gene61","Gene61",0.0295907915400159,1,0.0295907915400159,0.414041768483331,1,1,1,1
"Gene62","Gene62",0.0224324044910839,1,0.0224324044910839,1.01893195642489,1,1,1,1
"Gene63","Gene63",0.0719978410371222,1,0.0719978410371222,1,1,1,1,1
"Gene64","Gene64",0.0464104476050246,1,0.0464104476050246,1,1,1,1,1
"Gene65","Gene65",0.0254237325925463,1,0.0254237325925463,1,1,1,1,2.20304610929079
"Gene66","Gene66",0.0114663787863356,1,0.0114663787863356,1,1,1,1,1
"Gene67","Gene67",0.0258949277769601,1,0.0258949277769601,1,1,1,1,1
"Gene68","Gene68",0.00710086708875078,1,0.00710086708875078,1,1,1,1,1.15737485258735
"Gene69","Gene69",0.0718660038440393,1,0.0718660038440393,1,1,1,0.994452827734094,1
"Gene70","Gene70",0.0490943820448624,1,0.0490943820448624,1.08962993030973,1,0.795390978668634,1,1
"Gene71","Gene71",0.00795303255202853,1,0.00795303255202853,1,1,1,1.45472221722953,1
"Gene72","Gene72",0.110289942807718,1,0.110289942807718,1,1,1,1,1
"Gene73","Gene73",0.00403772320217855,1,0.00403772320217855,1,1,1,1,1
"Gene74","Gene74",0.0262134109069706,1,0.0262134109069706,1,1.40375742423569,1,0.755213438860422,1.8199041747481
"Gene75","Gene75",0.0241240080733422,1,0.0241240080733422,1,1,1,1,0.92400458433642
"Gene76","Gene76",0.0780180402522711,1,0.0780180402522711,1,1,1,1,1
"Gene77","Gene77",0.0185450912418804,1,0.0185450912418804,1,1,1,1,1.79874866837622
"Gene78","Gene78",0.00644908154557291,1,0.00644908154557291,1,1,1,1,1
"Gene79","Gene79",0.0621201121896131,1,0.0621201121896131,1.153586616286,1,1,1,1
"Gene80","Gene80",0.0196027184858648,1,0.0196027184858648,1,1,0.999364459701383,0.961140482792635,1
"Gene81","Gene81",0.0669404867024462,1,0.0669404867024462,1,1,1,1,1
"Gene82","Gene82",0.184739320618108,1,0.184739320618108,1.0077819102709,1,1,1,1
"Gene83","Gene83",0.048105119488901,1,0.048105119488901,1,1,1,1,1.81189152048319
"Gene84","Gene84",0.0267134168069692,1,0.0267134168069692,1,1,1,1,1
"Gene85","Gene85",0.00244036225614925,1,0.00244036225614925,1,1,1,1,1
"Gene86","Gene86",0.026230562618631,1,0.026230562618631,0.347834663761761,0.601971111451749,1,1,1
"Gene87","Gene87",0.0655153733034703,1,0.0655153733034703,1,1,1.30995746980229,1,1
"Gene88","Gene88",0.0322572219108919,1,0.0322572219108919,1,1,1,1,1
"Gene89","Gene89",0.00728027113937166,1,0.00728027113937166,1,1,1,1,1
"Gene90","Gene90",0.0203306473168818,1,0.0203306473168818,1,1,1,1,0.412883848091856
"Gene91","Gene91",0.010684755023995,38.7803872619153,0.915941890820746,1,1,1,1,1
"Gene92","Gene92",0.0387812790529184,1,0.0387812790529184,1,1,1,1,1
"Gene93","Gene93",0.0511464438805577,1,0.0511464438805577,1,1,1,1,1
"Gene94","Gene94",0.021200283702315,1,0.021200283702315,1,1,1,1,1
"Gene95","Gene95",0.127442667836823,1,0.127442667836823,1,0.639482408402112,1,1,1
"Gene96","Gene96",0.0378160479681708,1,0.0378160479681708,1,1,1,0.74975240058437,1
"Gene97","Gene97",0.0653481000652722,1,0.0653481000652722,1,1,1,1,1
"Gene98","Gene98",0.0675136975133175,1,0.0675136975133175,1,1,1.46181897672219,1,1
"Gene99","Gene99",0.0400525978560275,1,0.0400525978560275,1,1,1,1,1
"Gene100","Gene100",0.0640922196923575,1,0.0640922196923575,1,1,0.427504450751497,1,1
"Gene101","Gene101",0.0130341065467209,1,0.0130341065467209,1,1,1,1,1
"Gene102","Gene102",0.00727750109383832,1,0.00727750109383832,1,1,1,1,1
"Gene103","Gene103",0.00484290625476991,1,0.00484290625476991,1,1,1,1,0.639219724084975
"Gene104","Gene104",0.0441096335427429,1,0.0441096335427429,1,1,1,1,1
"Gene105","Gene105",0.00376693296757558,1,0.00376693296757558,1,1,1,1,1
"Gene106","Gene106",0.0121917553183002,1,0.0121917553183002,1,1,1,1,1
"Gene107","Gene107",0.0440757216299598,1,0.0440757216299598,1.10004057172105,1,1,1,1
"Gene108","Gene108",0.00109597148589581,1,0.00109597148589581,1,1,1,1,1
"Gene109","Gene109",0.0282223594279802,1,0.0282223594279802,1,1,1,1,1
"Gene110","Gene110",0.0676980922165681,1,0.0676980922165681,0.714892024295452,1.08287616034511,1,1.85713284691296,0.559032488582689
"Gene111","Gene111",0.0816783996468318,1,0.0816783996468318,1,1,1,1,1
"Gene112","Gene112",0.0176901110627372,1,0.0176901110627372,1,1,1,1,1
"Gene113","Gene113",0.061658649494155,1,0.061658649494155,1,1,1,1,1
"Gene114","Gene114",0.0299725684409079,1,0.0299725684409079,1,1,1,1,1
"Gene115","Gene115",0.0163091588471976,1,0.0163091588471976,1,1,1,1,1
"Gene116","Gene116",0.060482827866335,1,0.060482827866335,1,1,1.12777090332862,1.53083593073259,1
"Gene117","Gene117",0.0107356830890757,1,0.0107356830890757,1,1,1,1,1
"Gene118","Gene118",0.0393761506160688,1,0.0393761506160688,1,1,1,1,1
"Gene119","Gene119",0.0516081508089261,1,0.0516081508089261,1,1,1,1,1
"Gene120","Gene120",0.0116714855022972,1,0.0116714855022972,1,1,1,1,1
"Gene121","Gene121",0.00207407622517154,1,0.00207407622517154,1,1,1,1,1
"Gene122","Gene122",0.0647230996307174,1,0.0647230996307174,1,1,1,1,1
"Gene123","Gene123",0.0467819542816734,1,0.0467819542816734,1,1.13991712825502,1,1,1
"Gene124","Gene124",0.0536539665059111,1,0.0536539665059111,1,1,1,1,1
"Gene125","Gene125",0.0395191080849843,1,0.0395191080849843,1,1,1,1,1
"Gene126","Gene126",0.0120308587073627,1,0.0120308587073627,1,1,1,1,1
"Gene127","Gene127",0.0158619957890315,1,0.0158619957890315,1,1,1,1,1
"Gene128","Gene128",0.054261605970541,1,0.054261605970541,1,1,1,1,1
"Gene129","Gene129",0.0540080478091328,1,0.0540080478091328,1,0.610164898850344,1,1,1
"Gene130","Gene130",0.0116977172551557,1,0.0116977172551557,1,1,1,1,1
"Gene131","Gene131",0.00999806950119718,1,0.00999806950119718,0.798110936304943,1,1,1,1
"Gene132","Gene132",0.09185872518811,1,0.09185872518811,1,1,1,0.708784565780553,1
"Gene133","Gene133",0.0495743270036225,1,0.0495743270036225,1,1,1,1,1
"Gene134","Gene134",0.006851493239833,1,0.006851493239833,1.71307253338643,1,1,1,1
"Gene135","Gene135",0.0121217146416483,1,0.0121217146416483,1,1,1,1,1
"Gene136","Gene136",0.00859790129241906,1,0.00859790129241906,1,1,1,1,1
"Gene137","Gene137",0.0411283057162576,1,0.0411283057162576,1,1,1,1,1
"Gene138","Gene138",0.0174006417454268,55.5806412463268,1.31274185820691,1,1,1,1,1
"Gene139","Gene139",0.0445119513458662,1,0.0445119513458662,1,1,1,1.10818058471254,1
"Gene140","Gene140",0.0129548491598982,1,0.0129548491598982,1,1,1,1,2.01196644529489
"Gene141","Gene141",0.00462842220733917,51.5529778496204,1.21761373062393,1,1,1,1,1
"Gene142","Gene142",0.0242807126608588,1,0.0242807126608588,1,1,1,1,1
"Gene143","Gene143",0.0188121305497357,1,0.0188121305497357,1,1,1,1,1
"Gene144","Gene144",0.0712955213061027,1,0.0712955213061027,1,1,1,1,1
"Gene145","Gene145",0.113148761174638,1,0.113148761174638,1,1,1,1,1
"Gene146","Gene146",0.0138197737352429,1,0.0138197737352429,1,1,1,1,1
"Gene147","Gene147",0.00863620774771363,1,0.00863620774771363,1,1,1.71732326903213,1,0.450545483861441
"Gene148","Gene148",0.0383437533835723,1,0.0383437533835723,1,1,1,1,1
"Gene149","Gene149",0.00597601273701798,1,0.00597601273701798,1,1,1,1,1
"Gene150","Gene150",0.0281103171210529,1,0.0281103171210529,1,1,1,1,1
"Gene151","Gene151",0.0239949588683728,1,0.0239949588683728,1,1,1,1,0.685728525482112
"Gene152","Gene152",0.022548526488289,1,0.022548526488289,0.735240339530826,1,1,1.18323227102392,1
"Gene153","Gene153",0.0971446573228725,1,0.0971446573228725,1,1,1,1,1
"Gene154","Gene154",0.0242433369742725,39.4896682283214,0.932694177101578,1,1,1.10452766519676,1,1
"Gene155","Gene155",0.0105381449028751,1,0.0105381449028751,1,1,1,1,1
"Gene156","Gene156",0.0303681950914058,64.2485560499653,1.51746663883112,1,2.00431300841795,1,1.37877631142903,1
"Gene157","Gene157",0.012360042522259,1,0.012360042522259,1,1,1,1,1
"Gene158","Gene158",0.00983941604173657,1,0.00983941604173657,1,1,1,1,1
"Gene159","Gene159",0.00112507534023002,1,0.00112507534023002,2.15620569947448,1,1,1,1
"Gene160","Gene160",0.0284668243737927,1,0.0284668243737927,1,1,1,1.27201696379131,1
"Gene161","Gene161",0.0152610477054926,1,0.0152610477054926,1,1,1,1,1
"Gene162","Gene162",0.00980846030265932,1,0.00980846030265932,1,1,0.58558084024812,1,1
"Gene163","Gene163",0.0131854341205709,1,0.0131854341205709,1.233768600799,1,1,1,0.466398635115623
"Gene164","Gene164",0.0516247921850984,1,0.0516247921850984,1,1,0.811993975127827,1,1
"Gene165","Gene165",0.115217082393532,1,0.115217082393532,1,1,1,1,1
"Gene166","Gene166",0.17267608412664,1,0.17267608412664,1,0.944593069578105,1,1.06908801738625,1
"Gene167","Gene167",0.00755455823780017,1,0.00755455823780017,1,0.747202400469526,1,1,1
"Gene168","Gene168",0.0144559073029525,1,0.0144559073029525,1,1,0.62985948053472,1,1
"Gene169","Gene169",0.0730642206165955,1,0.0730642206165955,1,1,1,1,1
"Gene170","Gene170",0.0134676756846669,1,0.0134676756846669,1,1,1,1,1
"Gene171","Gene171",0.0218486622733215,1,0.0218486622733215,1,1,1,1,1
"Gene172","Gene172",0.0437336994050817,1,0.0437336994050817,1,1,1.71053855869413,1,1
"Gene173","Gene173",0.0653769576298521,1,0.0653769576298521,0.973114584002927,1,1,1,1
"Gene174","Gene174",0.00573839057172164,1,0.00573839057172164,1,1,1,1,1
"Gene175","Gene175",0.013409544047835,42.3201503851617,0.999546453773317,1,1,1,1,1
"Gene176","Gene176",0.068470457508403,1,0.068470457508403,1,1,1,1.26104056693792,1
"Gene177","Gene177",0.0087117065533081,1,0.0087117065533081,1,1,1,1,1
"Gene178","Gene178",0.032672934894795,1,0.032672934894795,1,1,1,1,1
"Gene179","Gene179",0.00350359864741998,1,0.00350359864741998,0.639580892704563,1,1,1,1
"Gene180","Gene180",0.13257553368806,1,0.13257553368806,1,1,1,1,0.954054656493119
"Gene181","Gene181",0.14005779354333,1,0.14005779354333,1,1,1,1,1
"Gene182","Gene182",0.0456361539514119,1,0.0456361539514119,1,1,1,1,1
"Gene183","Gene183",0.0216097339830719,1,0.0216097339830719,1,1,0.500513459373009,1,1
"Gene184","Gene184",0.0350025663675676,1,0.0350025663675676,1,1,1.76269508428772,1,1
"Gene185","Gene185",0.00939936481372571,1,0.00939936481372571,1,1,1,1,1
"Gene186","Gene186",0.00235707111391674,1,0.00235707111391674,1,1,1,0.768293131466554,1
"Gene187","Gene187",0.0285149250214409,1,0.0285149250214409,1,1,1,1,1
"Gene188","Gene188",0.000215696028618446,1,0.000215696028618446,1,1,1,1,1
"Gene189","Gene189",0.00822376642557986,1,0.00822376642557986,1,1.09982996771638,1,1,1
"Gene190","Gene190",0.0178328062889209,1,0.0178328062889209,1,1,1,1,1
"Gene191","Gene191",0.0635757927493558,1,0.0635757927493558,1,1.23983862885049,1,1,1
"Gene192","Gene192",0.0479067547782047,1,0.0479067547782047,1,1,1,1,1
"Gene193","Gene193",0.0396213734026944,1,0.0396213734026944,1,1,1,1,1
"Gene194","Gene194",0.0643490357800677,1,0.0643490357800677,1,1,1,1,1
"Gene195","Gene195",0.00345191640487045,1,0.00345191640487045,1,1,1,1.1316499397475,1
"Gene196","Gene196",0.0226479377909524,1,0.0226479377909524,1,0.999133952761602,1,1,1
"Gene197","Gene197",0.0334543351023547,1,0.0334543351023547,1,1,1,1,1
"Gene198","Gene198",0.0139928362141348,1,0.0139928362141348,1,1,0.589544130123312,1,1
"Gene199","Gene199",0.0158400626479691,1,0.0158400626479691,1,1,1,1,1
"Gene200","Gene200",0.0261230578559247,1,0.0261230578559247,1,1,1,0.990746372222532,1
"Gene201","Gene201",0.00432240992328924,1,0.00432240992328924,1,1,1,1,1
"Gene202","Gene202",0.00477753160242898,1,0.00477753160242898,1,1,1,1,1
"Gene203","Gene203",0.0219894859237241,1,0.0219894859237241,1,1,1,1,1
"Gene204","Gene204",0.0504948322662393,1,0.0504948322662393,1,1,1,1,1
"Gene205","Gene205",0.0305111163085879,1,0.0305111163085879,1.58584717926388,1,1,1,1
"Gene206","Gene206",0.00278104146909237,1,0.00278104146909237,1,1,1,0.781084785366809,1
"Gene207","Gene207",0.00724240359072114,1,0.00724240359072114,1,1,1,1,1
"Gene208","Gene208",0.00154352461544659,1,0.00154352461544659,1,1,1,1,0.66284865247403
"Gene209","Gene209",0.0280713634713958,1,0.0280713634713958,1,1,1,1,1
"Gene210","Gene210",0.00796669888158645,1,0.00796669888158645,1,0.809176853510889,1,1,1
"Gene211","Gene211",0.087231203990676,1,0.087231203990676,1,1,1,1,1
"Gene212","Gene212",0.0144777017022996,1,0.0144777017022996,1,1,1,1,1
"Gene213","Gene213",0.00928569031606584,1,0.00928569031606584,1,2.36276721442287,1,1,1
"Gene214","Gene214",0.040834266840337,1,0.040834266840337,1,1,1,1,1
"Gene215","Gene215",0.00327632179257669,1,0.00327632179257669,1,1,1,1,1.99952383744804
"Gene216","Gene216",0.0544485810715861,1,0.0544485810715861,1,1,1,1,1.48448310766389
"Gene217","Gene217",0.0262161198441696,1,0.0262161198441696,1,1,1,1,1
"Gene218","Gene218",0.0200121144901995,1,0.0200121144901995,1,1,1.72416886669962,1,1
"Gene219","Gene219",0.00993697613549493,1,0.00993697613549493,1,1,1,1,1
"Gene220","Gene220",0.0493181157324061,49.130588708658,1.16040007581714,1,1,1,1,1
"Gene221","Gene221",0.0186365333482917,1,0.0186365333482917,1,1,1,1,1
"Gene222","Gene222",0.0544314712199639,1,0.0544314712199639,1,1,1,1,0.890157496067566
"Gene223","Gene223",0.0354672053545355,1,0.0354672053545355,1,1,1,1,1
"Gene224","Gene224",0.0274629156279838,1,0.0274629156279838,1,1,1,1,1
"Gene225","Gene225",0.00298531312213294,1,0.00298531312213294,1,1,1,1,1
"Gene226","Gene226",0.000492742269489647,1,0.000492742269489647,1,1,1,1,0.987778529160515
"Gene227","Gene227",0.0463681520539861,1,0.0463681520539861,1,0.63726131971645,1,1,1
"Gene228","Gene228",0.0652299613347226,1,0.0652299613347226,1,1,1,1,1
"Gene229","Gene229",0.0930302286629678,1,0.0930302286629678,1,1.00687996404197,2.34886308454318,1.13830679046761,1
"Gene230","Gene230",0.0109216409352392,1,0.0109216409352392,1,1,1,1,1
"Gene231","Gene231",0.0139319915268503,1,0.0139319915268503,1,1,1,2.20746865714959,1
"Gene232","Gene232",0.0130042453973648,1,0.0130042453973648,1,1,1,1,1
"Gene233","Gene233",0.0309872166647553,1,0.0309872166647553,1,1,1,1,1
"Gene234","Gene234",0.00147452091245057,1,0.00147452091245057,1,1,1,1,1
"Gene235","Gene235",0.0461309612548741,43.2188863190727,1.02077341793681,1,1,1,2.22307531449475,1
"Gene236","Gene236",0.0412731113646235,1,0.0412731113646235,1,1,1,1,0.657282859546448
"Gene237","Gene237",0.0207174897370158,1,0.0207174897370158,1,1,1,1.21437043562096,1
"Gene238","Gene238",0.0116356940860114,1,0.0116356940860114,1,1,1,1,1
"Gene239","Gene239",0.0137678145698447,1,0.0137678145698447,1,1,1,1,1
"Gene240","Gene240",0.0166866953611543,1,0.0166866953611543,1,1,1,1,1
"Gene241","Gene241",0.047646474681655,1,0.047646474681655,1,1,1,1,1
"Gene242","Gene242",0.037904620203045,1,0.037904620203045,1,1,1,1,1
"Gene243","Gene243",0.0735870923490629,1,0.0735870923490629,1,1.00154112077216,1,0.847778700007722,1
"Gene244","Gene244",0.0427737487584507,31.7932362301757,0.750914546347918,1,1,1,1,1
"Gene245","Gene245",0.0385564389512828,1,0.0385564389512828,1,1,1,1,1.97365130456293
"Gene246","Gene246",0.0570280215549815,1,0.0570280215549815,1,1,1,1,1
"Gene247","Gene247",0.0522642447554514,1,0.0522642447554514,1,1,1,1,1
"Gene248","Gene248",0.110557983855425,1,0.110557983855425,1,1,1,1,1
"Gene249","Gene249",0.0129342303925514,1,0.0129342303925514,1,1,0.952856303755802,1,0.978926588854827
"Gene250","Gene250",0.0391859600811445,1,0.0391859600811445,1,1,1,1,1
"Gene251","Gene251",0.025394005690878,1,0.025394005690878,1,1,1,1,1
"Gene252","Gene252",0.012543568079756,1,0.012543568079756,1,1,1,1,1
"Gene253","Gene253",0.0056358098460639,1,0.0056358098460639,1,1,1,1,1
"Gene254","Gene254",0.0462582074201788,1,0.0462582074201788,1,1,1,1,1
"Gene255","Gene255",0.028828772143803,51.9971282823097,1.22810398138854,1,1,1,1,1
"Gene256","Gene256",0.0215366708983133,1,0.0215366708983133,1,1,1,1,1
"Gene257","Gene257",0.0780805438212498,20.2254094390174,0.477697647501069,1,1,1,1,1
"Gene258","Gene258",0.0945476681424631,1,0.0945476681424631,1,1,1,1,1
"Gene259","Gene259",0.0151302790066087,1,0.0151302790066087,1,1,1,1,1
"Gene260","Gene260",0.00338919645072136,1,0.00338919645072136,1,1,1,1,1
"Gene261","Gene261",0.0308526505276277,1,0.0308526505276277,1,1,0.990835207877967,1,1
"Gene262","Gene262",0.00187887059161679,1,0.00187887059161679,1,1,1,1,1
"Gene263","Gene263",0.0252833260370975,1,0.0252833260370975,0.500113320658471,1,1,1,0.633492849736762
"Gene264","Gene264",0.0416663512929852,1,0.0416663512929852,1,1,1,1.13471446924043,1
"Gene265","Gene265",0.05442814976676,1,0.05442814976676,1,1,1,1,1
"Gene266","Gene266",0.0068618778690724,1,0.0068618778690724,1,1,1,1,1
"Gene267","Gene267",0.0415039526921415,1,0.0415039526921415,1,1,1,1,1
"Gene268","Gene268",0.050967886487204,1,0.050967886487204,1,1,1,1,0.686312538659803
"Gene269","Gene269",0.0143150323770731,1,0.0143150323770731,1,1,0.752057523972893,1,1
"Gene270","Gene270",0.00459300594245919,1,0.00459300594245919,1,1,1,1,1
"Gene271","Gene271",0.0371254613798049,27.9148638000865,0.659312475617398,1,1,1,1,0.634489209648757
"Gene272","Gene272",0.0289333289115618,1,0.0289333289115618,1,1,1,1,1
"Gene273","Gene273",0.0647966960864227,1,0.0647966960864227,1,1,1,1,1
"Gene274","Gene274",0.00233956027616112,1,0.00233956027616112,1,1,1,1,1
"Gene275","Gene275",0.0313082966887553,1,0.0313082966887553,1.14650527866912,1,1.01529299487455,1,1
"Gene276","Gene276",0.115734538112078,1,0.115734538112078,1,1,1,1,1
"Gene277","Gene277",0.0819820658464727,1,0.0819820658464727,1,1,1,1,1
"Gene278","Gene278",0.00647513469507042,50.0145680476491,1.18127850856031,1,1,1,0.965195014417026,1
"Gene279","Gene279",0.00658716096009415,1,0.00658716096009415,1,1,0.852667698049997,1,1
"Gene280","Gene280",0.00445808174467535,1,0.00445808174467535,1,1,1,1,1
"Gene281","Gene281",0.102791331961508,1,0.102791331961508,1,1,1,1,1.05867582293158
"Gene282","Gene282",0.0657578495711901,1,0.0657578495711901,1,1,1,2.26066834173042,1
"Gene283","Gene283",0.0108356945289318,1,0.0108356945289318,1,1,1,1,1
"Gene284","Gene284",0.0375919099461828,1,0.0375919099461828,1,1,1,1,1
"Gene285","Gene285",0.0134472043315215,1,0.0134472043315215,1,1,0.729825553164402,1,1
"Gene286","Gene286",0.0333077762835759,1,0.0333077762835759,0.775691257984384,1,1,0.742403556494803,1
"Gene287","Gene287",0.0173509701928813,1,0.0173509701928813,1.11736655160193,1,1,1,1
"Gene288","Gene288",0.00549707797363633,1,0.00549707797363633,1,1,1,1,1
"Gene289","Gene289",0.018427544673816,1,0.018427544673816,1,1,1,1,1
"Gene290","Gene290",0.0795190916209595,1,0.0795190916209595,1.11897709741775,1,1,0.720783929541744,1
"Gene291","Gene291",0.00865959207306674,1,0.00865959207306674,1,1,1,1,1
"Gene292","Gene292",0.0348471667425314,1,0.0348471667425314,1.32128690981281,1,1,1,1
"Gene293","Gene293",0.0195384877191331,1,0.0195384877191331,1,1,1,1,1
"Gene294","Gene294",0.0625950620544325,1,0.0625950620544325,1,1,1,1,1
"Gene295","Gene295",0.0259065394751852,1,0.0259065394751852,1,1,1,1,1
"Gene296","Gene296",0.0363131682722792,1,0.0363131682722792,1,1,1,1,1
"Gene297","Gene297",0.0112017889872664,1,0.0112017889872664,1,1,1,1,1
"Gene298","Gene298",0.055871806091287,1,0.055871806091287,1,1,0.54999676281342,1,1
"Gene299","Gene299",0.0320086258137389,1,0.0320086258137389,1,1,1,1,0.901056439950011
"Gene300","Gene300",0.0201154394723285,1,0.0201154394723285,1,1,1,1,1
"Gene301","Gene301",0.0206236390990831,1,0.0206236390990831,1,1,1,1,1.46046733533892
"Gene302","Gene302",0.039111083883166,1,0.039111083883166,1,1,1,1,1
"Gene303","Gene303",0.00545976418149368,1,0.00545976418149368,1,1,1,1,1
"Gene304","Gene304",0.00148791409882437,1,0.00148791409882437,1,1,1,0.720268981033502,0.675122658548222
"Gene305","Gene305",0.00966644049942057,62.5611238046346,1.47761170208226,1,0.942538930603709,1,1,1.43494790750525
"Gene306","Gene306",0.0156947524303794,1,0.0156947524303794,1,1,1,1,1
"Gene307","Gene307",0.0117049622771217,1,0.0117049622771217,2.4585902537543,1,1,0.983358349781171,1
"Gene308","Gene308",0.00283799718538232,1,0.00283799718538232,1,1,1,1,1
"Gene309","Gene309",0.0888162635810993,1,0.0888162635810993,1,0.925018842923406,1,1,1
"Gene310","Gene310",0.0973378390822684,1,0.0973378390822684,1,1,1,1,1
"Gene311","Gene311",0.0402033644752539,1,0.0402033644752539,1,1,1,1,1.36946786264188
"Gene312","Gene312",0.00563778879140938,1,0.00563778879140938,1,1,1.57137070466393,1.54238130872853,1
"Gene313","Gene313",0.0465380451156922,1,0.0465380451156922,1,1,1,1,1
"Gene314","Gene314",0.00174542299795171,1,0.00174542299795171,1,1,1,1,1
"Gene315","Gene315",0.0811690809440948,1,0.0811690809440948,1,1,1.33636888251303,1,1
"Gene316","Gene316",0.0492067230225501,1,0.0492067230225501,0.853606800310866,1,1,1,1
"Gene317","Gene317",0.00237652592136749,1,0.00237652592136749,1.55812216745485,1,1,1,1
"Gene318","Gene318",0.0171055537489109,1,0.0171055537489109,1,1,1,1,1
"Gene319","Gene319",0.0368106758554503,1,0.0368106758554503,1,1,0.84725475687145,1,1
"Gene320","Gene320",0.0120367199894,1,0.0120367199894,1,1,1,1,1.02200310598476
"Gene321","Gene321",0.0383213714893633,1,0.0383213714893633,0.984103025354758,1,1,1,1
"Gene322","Gene322",0.00253035615315452,1,0.00253035615315452,1,1,1,1,1
"Gene323","Gene323",0.0107450889759767,1,0.0107450889759767,1,1,1,1.56544091013585,0.562138023794069
"Gene324","Gene324",0.0157560229308656,1,0.0157560229308656,1,1,1,1,1
"Gene325","Gene325",0.000205151155216665,1,0.000205151155216665,1,1,1,1,1.12590899745208
"Gene326","Gene326",0.0419478532416889,22.930598638305,0.541590668823646,1,0.765846601709288,1,1,1
"Gene327","Gene327",0.0162536002675137,1,0.0162536002675137,0.771414367333635,1,1,1.10288717495444,1
"Gene328","Gene328",0.0392418748908336,1,0.0392418748908336,1,1,1,1.88033795368033,1
"Gene329","Gene329",0.0114450554004326,1,0.0114450554004326,1,1,0.578697302729221,1,1.32565396535389
"Gene330","Gene330",0.0197170198953089,1,0.0197170198953089,1,1,1,1,1
"Gene331","Gene331",0.00453613880080574,1,0.00453613880080574,1,2.97590005609444,1,1,1
"Gene332","Gene332",0.0186807139446769,1,0.0186807139446769,1,1,1,1,1
"Gene333","Gene333",0.00436835977806168,1,0.00436835977806168,1,1,1,1,1.17329237264595
"Gene334","Gene334",0.00617454284641224,1,0.00617454284641224,1,1,1,1,1
"Gene335","Gene335",0.0500147706519743,1,0.0500147706519743,1,1,1,1,0.671152212414229
"Gene336","Gene336",0.0892231589020114,1,0.0892231589020114,1,1,1,1,1
"Gene337","Gene337",0.0610112783869478,1,0.0610112783869478,1,1,1,1,1
"Gene338","Gene338",0.0292443465091394,1,0.0292443465091394,1,1,1,1,1
"Gene339","Gene339",0.00223033571147166,1,0.00223033571147166,1,1,1,1,1
"Gene340","Gene340",0.0278743225059397,1,0.0278743225059397,1,1,0.526235854670109,1,1
"Gene341","Gene341",0.0183634015054541,1,0.0183634015054541,1,1,1,1,1
"Gene342","Gene342",0.0291664192639762,1,0.0291664192639762,1,1,1.25449601970617,1,1
"Gene343","Gene343",0.0148102718531785,1,0.0148102718531785,0.667343018609844,1,1,1,1
"Gene344","Gene344",0.0592392337089114,1,0.0592392337089114,1,1,1,1,1
"Gene345","Gene345",0.0219864775026486,1,0.0219864775026486,1,1,1,1,1
"Gene346","Gene346",0.0201174060642642,1,0.0201174060642642,1,1,1.58660778599906,1,1
"Gene347","Gene347",0.0506755528514765,1,0.0506755528514765,1,1,1,1,0.743748813329788
"Gene348","Gene348",0.0069049235200281,1,0.0069049235200281,0.751140430969581,1,1,1,1
"Gene349","Gene349",0.00507246384945317,1,0.00507246384945317,1,1,1,1,1
"Gene350","Gene350",0.00149788065372951,1,0.00149788065372951,2.18518699885485,1,1,1,1
"Gene351","Gene351",0.0284555740667504,1,0.0284555740667504,1,1,1,0.53839261716476,1
"Gene352","Gene352",0.0149850029252052,1,0.0149850029252052,1,1,1,1,1
"Gene353","Gene353",0.00506447456776228,1,0.00506447456776228,1,1,1,1,1
"Gene354","Gene354",0.0141068239439609,1,0.0141068239439609,1,1,1,1,1
"Gene355","Gene355",0.0477864356531703,1,0.0477864356531703,1,1,1,1,1
"Gene356","Gene356",0.0466390753805511,1,0.0466390753805511,1,1,1,1,1
"Gene357","Gene357",0.00609786709516193,1,0.00609786709516193,1.25398281335956,1,1,1.37051860340418,1
"Gene358","Gene358",0.0246219303233292,1,0.0246219303233292,1,0.947031784349201,1,1,1
"Gene359","Gene359",0.0616925854642681,1,0.0616925854642681,1,1,1,1,1.07180169278624
"Gene360","Gene360",0.0286275113119482,1,0.0286275113119482,1,1,1,1.41486324379153,1
"Gene361","Gene361",0.0131315771501934,1,0.0131315771501934,1.12772381009778,1.17497331565623,1,1,1
"Gene362","Gene362",0.0177180055627609,1,0.0177180055627609,1,1.13634743205833,1,1,1
"Gene363","Gene363",0.0555792223509318,1,0.0555792223509318,1,1,1,1,1
"Gene364","Gene364",0.0317318209855616,1,0.0317318209855616,1,1,1,1,1
"Gene365","Gene365",0.0766637733428406,1,0.0766637733428406,1,1,1,1,1
"Gene366","Gene366",0.031871359081405,1,0.031871359081405,1,1,1,1,1
"Gene367","Gene367",0.0363028018610491,1,0.0363028018610491,1,1,1,1,1
"Gene368","Gene368",0.048258213067596,1,0.048258213067596,1,1.09567469675465,1,1,1
"Gene369","Gene369",0.0420738370243136,1,0.0420738370243136,1,1,1,1,1
"Gene370","Gene370",0.0229713706233191,1,0.0229713706233191,1,1,1,1,1
"Gene371","Gene371",0.0539982859240832,1,0.0539982859240832,1,1,1,1,1
"Gene372","Gene372",0.0367481548757785,1,0.0367481548757785,1,1,1,1,1
"Gene373","Gene373",0.0214222160510111,1,0.0214222160510111,1,1,1,1,1
"Gene374","Gene374",0.074690470259487,1,0.074690470259487,1,1,1,1,1
"Gene375","Gene375",0.0188599544009245,1,0.0188599544009245,1,1,0.933929867496677,1,1
"Gene376","Gene376",0.00421598645757309,1,0.00421598645757309,1,1,0.460625169236555,1.48094602698757,1
"Gene377","Gene377",0.00518504446349217,1,0.00518504446349217,1,1,1,1,1
"Gene378","Gene378",0.00877026594371802,1,0.00877026594371802,1,1,1,1,1
"Gene379","Gene379",0.000843339704466069,1,0.000843339704466069,1,1,1.34476583833187,1,1
"Gene380","Gene380",0.0228091165522878,1,0.0228091165522878,1,1,1,1,1.75914253175615
"Gene381","Gene381",0.0387913062019155,1,0.0387913062019155,1,1,1,1.09546804843983,1
"Gene382","Gene382",0.0250314419223806,1,0.0250314419223806,2.2872126314756,1,1,1,1
"Gene383","Gene383",0.0829708517931373,1,0.0829708517931373,1,1,1,1,1
"Gene384","Gene384",0.00623439318346625,1,0.00623439318346625,1,1,1,1,1
"Gene385","Gene385",0.0220487755409293,1,0.0220487755409293,1,1,1,1,1
"Gene386","Gene386",0.0482857468248256,1,0.0482857468248256,1.21348361362891,1,1,1,1
"Gene387","Gene387",0.0847127850658073,1,0.0847127850658073,0.915317671191332,1,1,1,1
"Gene388","Gene388",0.0708510700970238,1,0.0708510700970238,1,1,1,0.998205387422088,1.17345044998195
"Gene389","Gene389",0.0121923320546482,1,0.0121923320546482,1,1,1,1,1
"Gene390","Gene390",0.0150686188775149,1,0.0150686188775149,1,1,1,1,1
"Gene391","Gene391",0.0514819113242445,1,0.0514819113242445,1.42495922286276,1,1,1,1
"Gene392","Gene392",0.0217960828133917,1,0.0217960828133917,1,1,1,1,1
"Gene393","Gene393",0.00593753339878153,1,0.00593753339878153,1,1,1,1,1
"Gene394","Gene394",0.0123398919431458,1,0.0123398919431458,1,1,1,1,1
"Gene395","Gene395",0.0402476990164674,1,0.0402476990164674,1,1,1,1,0.782798160221231
"Gene396","Gene396",0.0205146775930778,1,0.0205146775930778,1,1,0.533557312270349,1,1
"Gene397","Gene397",0.0120386072045134,1,0.0120386072045134,1,0.998490668667819,1,1,1
"Gene398","Gene398",0.0213209971519507,1,0.0213209971519507,1,1,1,1,1
"Gene399","Gene399",0.000975117880768403,1,0.000975117880768403,1,1,1,1,1
"Gene400","Gene400",0.022512029831535,61.2565403932273,1.44679915272561,1,1,1,1,1
"Gene401","Gene401",0.00149983487774839,1,0.00149983487774839,1,1,1,1,1
"Gene402","Gene402",0.000412017056494873,1,0.000412017056494873,1,1.41869034535487,1,1,1
"Gene403","Gene403",0.0209209854413604,1,0.0209209854413604,1,1,1,1,1
"Gene404","Gene404",0.00802075166158231,1,0.00802075166158231,1,1,1,1,1
"Gene405","Gene405",0.0041883088109092,1,0.0041883088109092,1,1,1,1,1
"Gene406","Gene406",0.00719943983272271,1,0.00719943983272271,1,1,1,1,1
"Gene407","Gene407",0.0625522571098535,1,0.0625522571098535,1,1,1,1,1
"Gene408","Gene408",0.0345540850250185,1,0.0345540850250185,1.43756559560189,1,1,1,1
"Gene409","Gene409",0.0182589422873213,1,0.0182589422873213,1,1,1,0.674400318010069,1
"Gene410","Gene410",0.000308878699472211,1,0.000308878699472211,1,1,1,1,1
"Gene411","Gene411",0.0666786585633593,1,0.0666786585633593,1,1,1,1,1
"Gene412","Gene412",0.0379209567071019,1,0.0379209567071019,1,1,1,0.534572451657118,1
"Gene413","Gene413",0.0868470237266185,1,0.0868470237266185,1,1,1,1,1.13881045771762
"Gene414","Gene414",0.0389202712571675,1,0.0389202712571675,1,1,1.40347584753764,1,1
"Gene415","Gene415",0.0370700586619037,24.4241593219903,0.576866613528142,1,0.600058394855535,1,1,1
"Gene416","Gene416",0.0485103882492127,1,0.0485103882492127,1,1,1,1,1
"Gene417","Gene417",0.00456985703296911,1,0.00456985703296911,1,1,1,1,1
"Gene418","Gene418",0.00723475426167802,1,0.00723475426167802,1,1,1,1,1
"Gene419","Gene419",0.0355437344027116,1,0.0355437344027116,1,1,1,1,1.00220698374398
"Gene420","Gene420",0.00776182513937829,1,0.00776182513937829,1,1,1,1,1
"Gene421","Gene421",0.0572231888415661,1,0.0572231888415661,1.12629824115302,1,1,1,1
"Gene422","Gene422",0.0224645134979835,1,0.0224645134979835,1,1,1.25810655913803,1,1
"Gene423","Gene423",0.000843505993119885,1,0.000843505993119885,1,1,0.951774199261411,1,1
"Gene424","Gene424",0.00197647793644737,1,0.00197647793644737,1,0.988798857772804,0.820738918858951,1,1
"Gene425","Gene425",0.00623384284563526,1,0.00623384284563526,1.07619221726822,1,1,1,1
"Gene426","Gene426",0.0007756878521521,1,0.0007756878521521,1,1,1,1,1
"Gene427","Gene427",0.0424876750155633,1,0.0424876750155633,1,1,1,1,1
"Gene428","Gene428",0.00102594668636875,31.9812598049407,0.75535541661118,1,1,1,1,1
"Gene429","Gene429",0.0894874342101781,1,0.0894874342101781,1,1,1,1,1
"Gene430","Gene430",0.00193978873969802,1,0.00193978873969802,1,1,1,1,1
"Gene431","Gene431",0.00175333428088636,1,0.00175333428088636,1,1,1,1,1
"Gene432","Gene432",0.0063974919767164,1,0.0063974919767164,1,1,1,1,1
"Gene433","Gene433",0.0386672722825901,1,0.0386672722825901,1,0.816454110992072,1,1,1
"Gene434","Gene434",0.0270868805372595,1,0.0270868805372595,1,1,1,1,1
"Gene435","Gene435",0.000776079829185129,1,0.000776079829185129,1,1,1,1,1
"Gene436","Gene436",0.00281402361819807,1,0.00281402361819807,1,1,1,1,1
"Gene437","Gene437",0.0892933521894509,1,0.0892933521894509,0.46533654916744,1,1,1,1
"Gene438","Gene438",0.0223139724281039,1,0.0223139724281039,1,1,1,1,1
"Gene439","Gene439",0.0479400316250533,1,0.0479400316250533,1,1.18004630517632,1,1,1
"Gene440","Gene440",0.00487784206678824,1,0.00487784206678824,1,1.30390078403187,1,1,1
"Gene441","Gene441",0.0343506746264043,1,0.0343506746264043,1,1,1,1,1
"Gene442","Gene442",0.00830097839325007,1,0.00830097839325007,1,1,1,1,1
"Gene443","Gene443",0.0343875086151491,1,0.0343875086151491,1,1,1,1,1
"Gene444","Gene444",0.0125631860798841,1,0.0125631860798841,1,1,1,1.60103186964723,1
"Gene445","Gene445",0.0121202710817488,1,0.0121202710817488,1,1,1,1,1
"Gene446","Gene446",0.0931165803795329,1,0.0931165803795329,1,1,1,1,1
"Gene447","Gene447",0.00420885654105805,1,0.00420885654105805,1,1,1,1,1
"Gene448","Gene448",0.0203053400354402,1,0.0203053400354402,1,1,1,1,1.24827085982664
"Gene449","Gene449",0.00451517858662108,1,0.00451517858662108,1,1,1,1,1
"Gene450","Gene450",0.0618830023417992,1,0.0618830023417992,1,1,1,1,1
"Gene451","Gene451",0.00402779452090925,1,0.00402779452090925,1,1,1,1,1
"Gene452","Gene452",0.0291791239848997,24.4661025003459,0.577857256396934,1,1,1,1,1
"Gene453","Gene453",0.0217345085191717,1,0.0217345085191717,1,1,1,1,0.863623928869835
"Gene454","Gene454",0.0104272012869386,1,0.0104272012869386,1,1,1,1,1
"Gene455","Gene455",0.0453765508721313,1,0.0453765508721313,1,1,1,1,1
"Gene456","Gene456",0.078636037990062,1,0.078636037990062,1,1.65312070434648,1,1,1.45917848958034
"Gene457","Gene457",0.0182475971810141,1,0.0182475971810141,0.88227424090253,1,0.477288221312002,1,1
"Gene458","Gene458",0.00692545879787282,1,0.00692545879787282,1,1,1.43299312971845,1,1
"Gene459","Gene459",0.0278682965921279,1,0.0278682965921279,1,1,1,1,1
"Gene460","Gene460",0.00367683138757368,1,0.00367683138757368,1,1,1,1,1
"Gene461","Gene461",0.0346872914861042,1,0.0346872914861042,1,1,1,1,1.29962677624447
"Gene462","Gene462",0.00937051821297331,1,0.00937051821297331,1,1,1,1,1
"Gene463","Gene463",0.00815004714682058,1,0.00815004714682058,0.698918668204145,1,1,1,1
"Gene464","Gene464",0.00604846906782089,1,0.00604846906782089,1,1,2.22680414094305,1,1
"Gene465","Gene465",0.0143636208737849,1,0.0143636208737849,1,1,1,1,1
"Gene466","Gene466",0.0351454561599975,1,0.0351454561599975,1,1,0.634832393176944,0.909309629819326,1
"Gene467","Gene467",0.0371891470907675,1,0.0371891470907675,1,1,1,1,1
"Gene468","Gene468",0.0194298856022543,1,0.0194298856022543,1,0.810883397190593,1,1,1
"Gene469","Gene469",0.0358586740558146,1,0.0358586740558146,1,1,1,1,1
"Gene470","Gene470",0.0174372707416504,1,0.0174372707416504,1,1,1,1,1
"Gene471","Gene471",0.00723347221535937,37.2063327751118,0.87876478804556,1,1,1,1,1
"Gene472","Gene472",0.00350152708777233,1,0.00350152708777233,1,0.676546104221714,1,1,1
"Gene473","Gene473",0.112282526572335,1,0.112282526572335,1,1,0.877189237286511,1,1.32723712840851
"Gene474","Gene474",0.0429684856549605,1,0.0429684856549605,1,1,1,1,1
"Gene475","Gene475",0.0191957127480704,40.4863951116671,0.956235558986128,1,1,1,1,1
"Gene476","Gene476",0.100784821488426,1,0.100784821488426,1,1,1,1.28434093852811,1
"Gene477","Gene477",0.0262674135232329,1,0.0262674135232329,1,1,1,1,1
"Gene478","Gene478",0.0125635446858284,1,0.0125635446858284,1,1,1,1,1
"Gene479","Gene479",0.0775301848040914,1,0.0775301848040914,1,1,1,1,1
"Gene480","Gene480",0.00697664171678334,1,0.00697664171678334,1,1.72205878287462,1,1,1
"Gene481","Gene481",0.0374800986980052,1,0.0374800986980052,1,1,1,1,1
"Gene482","Gene482",0.0251318881223906,1,0.0251318881223906,0.681324534904221,1,1,1,1
"Gene483","Gene483",0.0367196984825659,1,0.0367196984825659,1.17832492769091,1,1,1,1
"Gene484","Gene484",0.0307944744801519,1,0.0307944744801519,1,1,1,1,1
"Gene485","Gene485",0.00477094561816511,46.2269957061785,1.09182101684841,1,1,1,1,1
"Gene486","Gene486",0.00332468340945262,1,0.00332468340945262,1,1,1,1,1
"Gene487","Gene487",0.037569114407273,34.079914039884,0.804922877481296,1,1,1,1,1
"Gene488","Gene488",0.00189540048025947,1,0.00189540048025947,0.864727338347359,1,1,1,1
"Gene489","Gene489",0.0125571005388666,1,0.0125571005388666,1,1,1,1,1
"Gene490","Gene490",0.0298520067310334,1,0.0298520067310334,1,1,1,1,1
"Gene491","Gene491",0.000285275569510327,1,0.000285275569510327,1,1,1,1,1
"Gene492","Gene492",0.0522753441794779,1,0.0522753441794779,1,0.471961146999676,1,1,1
"Gene493","Gene493",0.051184668339363,1,0.051184668339363,1,0.674671308538302,1.32461029372666,1,1
"Gene494","Gene494",0.0145034513303323,1,0.0145034513303323,0.497536975549166,1,1,1,0.897503933912644
"Gene495","Gene495",0.0450969871651453,1,0.0450969871651453,1,1,1,1,1
"Gene496","Gene496",0.0104892626228668,1,0.0104892626228668,1,1,1,0.605327853122673,1
"Gene497","Gene497",0.0900981285028822,1,0.0900981285028822,1,1,1,1,1
"Gene498","Gene498",0.0109105310265907,1,0.0109105310265907,1,1,1,1,1
"Gene499","Gene499",0.0942826792492914,1,0.0942826792492914,1,1,1,1,1
"Gene500","Gene500",0.0267335806593501,1,0.0267335806593501,1,1,1,1,1
"Gene501","Gene501",0.0945920197746166,1,0.0945920197746166,1,1,1.55061323755253,1,1
"Gene502","Gene502",0.00898316750728788,1,0.00898316750728788,1,1,1,1,1
"Gene503","Gene503",0.0217201099307103,1,0.0217201099307103,1,1,1,1,2.35876384879936
"Gene504","Gene504",0.00243146654969863,1,0.00243146654969863,1,1,1,1,1
"Gene505","Gene505",0.0150313719101131,1,0.0150313719101131,1,1,1,1,1
"Gene506","Gene506",0.0131649288449485,1,0.0131649288449485,1,1,1,1,1
"Gene507","Gene507",0.0295167030582191,1,0.0295167030582191,1,0.632803806743979,1,1,1
"Gene508","Gene508",0.0230234409657117,1,0.0230234409657117,1,1,1,1.17479247958009,1
"Gene509","Gene509",0.0726879159907268,1,0.0726879159907268,1,1,1,1,1
"Gene510","Gene510",0.0431558609162186,1,0.0431558609162186,1,1,1,1,1
"Gene511","Gene511",0.0788706566992277,1,0.0788706566992277,1,1,1,1,1
"Gene512","Gene512",0.0374770338508721,1,0.0374770338508721,1,1.38342067991065,1,1,1
"Gene513","Gene513",0.0796115853915747,1,0.0796115853915747,1,1,1,1,1
"Gene514","Gene514",0.00757701865192968,1,0.00757701865192968,1,1,1,1,1
"Gene515","Gene515",0.0203712125463636,1,0.0203712125463636,1,1,1,1,1
"Gene516","Gene516",0.00370333938752743,1,0.00370333938752743,1,1,1,1,0.93263790034247
"Gene517","Gene517",0.0751433399637338,1,0.0751433399637338,1,1,1,1,1
"Gene518","Gene518",0.00455273371748681,1,0.00455273371748681,0.600919287527712,1,1,1,1
"Gene519","Gene519",0.00274454699395902,1,0.00274454699395902,1,1,1,1,0.679492954243257
"Gene520","Gene520",0.0280644728773087,1,0.0280644728773087,1,1,1,1,1
"Gene521","Gene521",0.0673479333719972,1,0.0673479333719972,0.565647238730606,1,1,1,1
"Gene522","Gene522",0.0604009366009421,1,0.0604009366009421,1.00220091569472,1,1,1,1
"Gene523","Gene523",0.0424245707080229,1,0.0424245707080229,1,1,1,1,1
"Gene524","Gene524",0.0297815379383747,1,0.0297815379383747,1,1,1,1,1
"Gene525","Gene525",0.0565681029847978,1,0.0565681029847978,1,1,0.704658016331376,1,1
"Gene526","Gene526",0.0940052778079798,1,0.0940052778079798,1,1,1,1,1
"Gene527","Gene527",0.0788004346904018,1,0.0788004346904018,1,1,1,1,1
"Gene528","Gene528",0.00705781046968801,1,0.00705781046968801,1,1,1,1,1
"Gene529","Gene529",0.0772906474482884,1,0.0772906474482884,1,1,1,2.19387316977742,1.54639760183319
"Gene530","Gene530",0.00637974574372284,1,0.00637974574372284,1,1,1,1,1
"Gene531","Gene531",0.0571642669722829,1,0.0571642669722829,1,1,1,1,1
"Gene532","Gene532",0.00814471261542287,1,0.00814471261542287,1,1,1,1,0.904923880364672
"Gene533","Gene533",0.000893228769964321,1,0.000893228769964321,1,1,0.848361167628239,1,1
"Gene534","Gene534",0.000171602979495608,1,0.000171602979495608,1,1,1,1,1
"Gene535","Gene535",0.113644684813974,1,0.113644684813974,1,1,1,1,1
"Gene536","Gene536",0.0697970907902845,1,0.0697970907902845,1,1,1,1,1
"Gene537","Gene537",0.00933056540675652,1,0.00933056540675652,1,1,1,1,1
"Gene538","Gene538",0.00363262908956467,1,0.00363262908956467,1,1,1,1,1
"Gene539","Gene539",0.117720037242611,1,0.117720037242611,1,1,1,1,1
"Gene540","Gene540",0.0453598003025008,1,0.0453598003025008,1,1,1,1,1
"Gene541","Gene541",0.0107536206875333,1,0.0107536206875333,1,1,1,1,1
"Gene542","Gene542",0.0836729721494053,1,0.0836729721494053,1,1,1,0.967493780619602,1
"Gene543","Gene543",0.0501090711984608,1,0.0501090711984608,1,1,1,1,1
"Gene544","Gene544",0.0055143758679169,1,0.0055143758679169,1,1,1,1,1
"Gene545","Gene545",0.0284693898113563,1,0.0284693898113563,1,0.539589469362341,1,1,1
"Gene546","Gene546",0.0409324640184629,1,0.0409324640184629,1,1,1,0.654051052533593,1
"Gene547","Gene547",0.0447729496230918,1,0.0447729496230918,1,1,1,1,1
"Gene548","Gene548",0.000594539021052804,1,0.000594539021052804,1,1,1,1,1
"Gene549","Gene549",0.00442304338258836,1,0.00442304338258836,1,1,1,1,1
"Gene550","Gene550",0.108553962466485,1,0.108553962466485,1,1,1,1,1
"Gene551","Gene551",0.0802493792693967,1,0.0802493792693967,1,1,1,1,1
"Gene552","Gene552",0.0539807720710018,1,0.0539807720710018,1,1,1,1,0.719066764806999
"Gene553","Gene553",0.0227937199294841,1,0.0227937199294841,1,1,1.28555581884635,1,1
"Gene554","Gene554",0.0638515984359164,1,0.0638515984359164,1,1,1,1,1
"Gene555","Gene555",0.00305968163888096,1,0.00305968163888096,1,1,1,1,1
"Gene556","Gene556",0.0930514341636652,1,0.0930514341636652,1,1,1,1,1
"Gene557","Gene557",0.019649987345164,1,0.019649987345164,1,1,0.778618053392587,1,1
"Gene558","Gene558",0.0770332085994277,1,0.0770332085994277,1,1.72139965991571,1.06047242123614,1,1
"Gene559","Gene559",0.0167765408642511,1,0.0167765408642511,1,0.973847922074866,0.764540868301325,1,1
"Gene560","Gene560",0.108527404043524,1,0.108527404043524,1,1.63421247085345,1,1,1
"Gene561","Gene561",0.0219947632333259,1,0.0219947632333259,1,1,1,1,1
"Gene562","Gene562",0.0359507976711325,1,0.0359507976711325,1,1,1,1,1
"Gene563","Gene563",0.0126148512006378,1,0.0126148512006378,1,1,1,1,1
"Gene564","Gene564",0.025850825795886,1,0.025850825795886,1,1,1,1,1
"Gene565","Gene565",0.00190411363668236,1,0.00190411363668236,1,1,1,1,1.28585663550164
"Gene566","Gene566",0.108052867308099,1,0.108052867308099,1,1,1,1,1
"Gene567","Gene567",0.0430459393302998,1,0.0430459393302998,1,1,1,1,1
"Gene568","Gene568",0.00659768560950179,1,0.00659768560950179,1,1,0.699345126493813,1,1
"Gene569","Gene569",0.00688192789600903,1,0.00688192789600903,1,1,1,1,1
"Gene570","Gene570",0.050765930675841,1,0.050765930675841,1,1,1,1,1
"Gene571","Gene571",0.00491204263873627,39.4815323949236,0.932502019385993,1,1,1,1,1
"Gene572","Gene572",0.0518406774139439,1,0.0518406774139439,1,1,1,1,1
"Gene573","Gene573",0.0679993618674135,1,0.0679993618674135,1,1,1,0.577202779306425,1
"Gene574","Gene574",0.0616087394899197,1,0.0616087394899197,1,1,1,1.28243610751573,1
"Gene575","Gene575",0.179257665858349,1,0.179257665858349,1,1,1,1,1
"Gene576","Gene576",0.00109703845008517,1,0.00109703845008517,1,1,1,1,1
"Gene577","Gene577",0.0096336210564278,1,0.0096336210564278,1,1,1,1,1
"Gene578","Gene578",0.00128486378979778,1,0.00128486378979778,1,1,1,1,1
"Gene579","Gene579",0.0283404013806409,1,0.0283404013806409,1,1,1,1,1
"Gene580","Gene580",0.000586677173035495,1,0.000586677173035495,1.03378533442895,1,1,1,1
"Gene581","Gene581",0.0683239087058071,1,0.0683239087058071,1,1,1,1,1
"Gene582","Gene582",0.0618740994312895,1,0.0618740994312895,1,1,1,0.93779403288658,1
"Gene583","Gene583",0.0269363669910918,1,0.0269363669910918,1,1,1,1,1
"Gene584","Gene584",0.0804959960493592,1,0.0804959960493592,1,1,1,1,1
"Gene585","Gene585",0.0118156953229414,1,0.0118156953229414,1,1,1,1.61388679241864,1
"Gene586","Gene586",0.00940905181598542,1,0.00940905181598542,1,1,1,1,1
"Gene587","Gene587",0.0820829172607638,1,0.0820829172607638,1,1,1,1,1
"Gene588","Gene588",0.0338918381359029,44.4213094960948,1.04917307652944,1,1,1,0.866720808036929,1
"Gene589","Gene589",0.032459983751829,1,0.032459983751829,1,1,1,1,1
"Gene590","Gene590",0.0127023931525302,1,0.0127023931525302,1.0686047208715,1.01670312558627,1,1,1
"Gene591","Gene591",0.228473224640542,1,0.228473224640542,1,1,1,0.628318531039393,1
"Gene592","Gene592",0.0681279929372758,1,0.0681279929372758,1,1,1,1,1
"Gene593","Gene593",0.0556785062537442,1,0.0556785062537442,1,1,1,1,1
"Gene594","Gene594",0.0329306931972371,1,0.0329306931972371,1,1,1,1,1
"Gene595","Gene595",0.0191856540426722,27.8753467358604,0.658379134382756,1,1,1,1,1
"Gene596","Gene596",0.0418372254093115,1,0.0418372254093115,1,1,1,1,1
"Gene597","Gene597",0.0452377630221935,1,0.0452377630221935,1,1,1,1,0.574596126063487
"Gene598","Gene598",0.0113539662980679,1,0.0113539662980679,1,1,1,1,1
"Gene599","Gene599",0.0136964138030875,1,0.0136964138030875,1,1,1,1,1
"Gene600","Gene600",0.00525589685282181,1,0.00525589685282181,1,1,1,1,1
"Gene601","Gene601",0.00820010309472475,1,0.00820010309472475,1,1,1,1,1
"Gene602","Gene602",0.00945533990169918,1,0.00945533990169918,1,1,1,1.38572497673531,1
"Gene603","Gene603",0.00248222328148804,1,0.00248222328148804,1,1,1,1,1
"Gene604","Gene604",0.011064290192042,1,0.011064290192042,0.794057572174078,1,1,1,1
"Gene605","Gene605",0.0105141264067724,1,0.0105141264067724,1,1,1,1,1
"Gene606","Gene606",0.00770687687530614,1,0.00770687687530614,1,1,1,1,1
"Gene607","Gene607",0.0180086601352986,30.7795074355709,0.726971601615605,1,0.934427504372793,1,1,1
"Gene608","Gene608",0.0629043370405261,65.7998914894795,1.55410714750292,1,0.822467659059083,0.552101677103204,1,0.639917301129794
"Gene609","Gene609",0.0156944984512218,1,0.0156944984512218,1,1,1,1,1
"Gene610","Gene610",0.0528550887661681,1,0.0528550887661681,1,1,1,1,1
"Gene611","Gene611",0.03558278885566,1,0.03558278885566,1,1,1,1,1
"Gene612","Gene612",0.0480725858595315,1,0.0480725858595315,1,1,1,1,1
"Gene613","Gene613",0.0928008714480066,1,0.0928008714480066,1,1,1,1,1
"Gene614","Gene614",0.0479585513653477,1,0.0479585513653477,1,1,1,1,1
"Gene615","Gene615",0.0772038331475365,1,0.0772038331475365,1.45615403572263,1,1,1,1
"Gene616","Gene616",0.0165257338116086,1,0.0165257338116086,1,1,1,1,1
"Gene617","Gene617",0.00626928457418677,1,0.00626928457418677,1,1,1,1,1
"Gene618","Gene618",0.10204518602597,1,0.10204518602597,1,1,1.71071545147803,1,0.9224832242802
"Gene619","Gene619",0.0745317995284692,1,0.0745317995284692,1,1,1,1,0.972663008451735
"Gene620","Gene620",0.117479377686845,13.51899998905,0.319301051027322,1,1,1,1,1
"Gene621","Gene621",0.0868962802638253,56.3862094009749,1.33176832160373,1,1,1,1,1
"Gene622","Gene622",0.096779949245381,1,0.096779949245381,1,1,1,1,1
"Gene623","Gene623",0.000966476952204128,1,0.000966476952204128,1,1,0.750406203902612,1,1
"Gene624","Gene624",0.00668753926100175,1,0.00668753926100175,1,0.555145428920195,1,1,1
"Gene625","Gene625",0.0450995394064259,1,0.0450995394064259,1,1,1,1,1
"Gene626","Gene626",0.0515810931586963,1,0.0515810931586963,1,1,1,1,1
"Gene627","Gene627",0.0481851515340028,1,0.0481851515340028,0.773104737774888,1.44725797296338,1,1,1.62845488231685
"Gene628","Gene628",0.0153139131648305,58.5741124273087,1.3834437218863,1,1,1,1,1
"Gene629","Gene629",0.0246514041567139,1,0.0246514041567139,1,1,1,1,1
"Gene630","Gene630",0.0577980074103515,1,0.0577980074103515,1,0.933051701630041,1,1,1
"Gene631","Gene631",0.000594862773839405,1,0.000594862773839405,1.0280733768443,1,1,1,1
"Gene632","Gene632",0.0451204431893965,1,0.0451204431893965,1,1,1,1,1
"Gene633","Gene633",0.108915290290275,1,0.108915290290275,1,1,1,1,1
"Gene634","Gene634",0.0136023457374211,1,0.0136023457374211,1,1,1,1,1
"Gene635","Gene635",0.00535644929265883,1,0.00535644929265883,1,1,1,1,1
"Gene636","Gene636",0.0155465324781886,1,0.0155465324781886,1,1,1,1,1
"Gene637","Gene637",0.0282813432309602,65.1427908764652,1.53858729274028,1,1,0.634451271089562,1,1
"Gene638","Gene638",0.00353082199145264,1,0.00353082199145264,1,1,1,1,1
"Gene639","Gene639",0.00770508505816125,1,0.00770508505816125,1,1.10856818424341,1,1,1
"Gene640","Gene640",0.018989622970434,34.3398530941073,0.811062297059945,1,1,1,1,1
"Gene641","Gene641",0.0312743966061797,1,0.0312743966061797,1,1.70043079641616,1,1,1
"Gene642","Gene642",0.0417780394842501,1,0.0417780394842501,1,1,1,1,1
"Gene643","Gene643",0.00764933002732322,1,0.00764933002732322,1,1,1,1,1
"Gene644","Gene644",0.00390735197252535,1,0.00390735197252535,1,1,1,1.21573061507752,1
"Gene645","Gene645",0.00243882712157645,1,0.00243882712157645,1,1,1,1,1
"Gene646","Gene646",0.0177756537387429,1,0.0177756537387429,1,1,1,1,1
"Gene647","Gene647",0.0043269060248788,1,0.0043269060248788,1,1,1,1,1
"Gene648","Gene648",0.0800043223778985,1,0.0800043223778985,1,1,1,1,1
"Gene649","Gene649",0.0680270910365495,1,0.0680270910365495,1,1,1,1.67028282341757,1
"Gene650","Gene650",0.0156441054074218,1,0.0156441054074218,1,1,1,1,1
"Gene651","Gene651",0.0350294262363045,1,0.0350294262363045,1,1,1,1,1
"Gene652","Gene652",0.0056859872454897,1,0.0056859872454897,1,1,1,1,1
"Gene653","Gene653",0.0455065998844833,1,0.0455065998844833,1,1,1,1,1
"Gene654","Gene654",0.0564316144927718,54.0494526169278,1.27657719076965,1,1,1,1,1
"Gene655","Gene655",0.0252909618697317,1,0.0252909618697317,1,1,1,1,1
"Gene656","Gene656",0.0808436806297935,43.0225035808975,1.01613511519594,1,1,1.1623319371223,1,1
"Gene657","Gene657",0.00284388333577581,1,0.00284388333577581,1,1,1,1,1
"Gene658","Gene658",0.00253653227237765,1,0.00253653227237765,1,1,1,1,1
"Gene659","Gene659",0.00799722113845029,1,0.00799722113845029,1,1,1,1,1
"Gene660","Gene660",0.00814238665441923,1,0.00814238665441923,1,1,0.759677449697162,1,1
"Gene661","Gene661",0.0207104521692525,1,0.0207104521692525,0.904045705653024,1,1,1,1
"Gene662","Gene662",0.00147226265364911,1,0.00147226265364911,0.56377112584225,1,1,1,1
"Gene663","Gene663",0.0324845446048318,1,0.0324845446048318,1,1,1,1,1
"Gene664","Gene664",0.00100575952364389,1,0.00100575952364389,1,1,1,1,1
"Gene665","Gene665",0.0263978433118675,1,0.0263978433118675,1.19187776290946,1,1,1,1
"Gene666","Gene666",0.0981975636164714,1,0.0981975636164714,1,1,1,1,1
"Gene667","Gene667",0.045611531945775,1,0.045611531945775,1,1,0.451998354533762,1,1
"Gene668","Gene668",0.0468363197003501,1,0.0468363197003501,1,1,1,1,1
"Gene669","Gene669",0.038417420233113,1,0.038417420233113,1,1,1,1,1
"Gene670","Gene670",0.0331173321077929,1,0.0331173321077929,1,1,1,1,1
"Gene671","Gene671",0.0500820329042019,1,0.0500820329042019,1,1,1,1,1
"Gene672","Gene672",0.0121151088114914,1,0.0121151088114914,1,1,1,1,1
"Gene673","Gene673",0.00796155135389936,1,0.00796155135389936,1,0.664246823912938,1,1,1
"Gene674","Gene674",0.0102900946736559,1,0.0102900946736559,1,1,1,1.05351524749783,1
"Gene675","Gene675",0.0135577303102803,1,0.0135577303102803,1,1,1.42211630024139,1,1
"Gene676","Gene676",0.128135234868979,1,0.128135234868979,1,1,1,1,1
"Gene677","Gene677",0.0123893852132022,1,0.0123893852132022,1,1,1,1,1
"Gene678","Gene678",0.032394219084301,1,0.032394219084301,2.42405915327305,1.49721783846602,1,1,1
"Gene679","Gene679",0.0839089746210159,31.4982160120823,0.743946555683829,1,1,1,1,1
"Gene680","Gene680",0.0491003833502861,1,0.0491003833502861,0.926108232728196,1,1,1,1
"Gene681","Gene681",0.0341268615065877,1,0.0341268615065877,1,1,1,1,1
"Gene682","Gene682",0.0035045352693051,1,0.0035045352693051,1,1,1.85136776153709,1,1
"Gene683","Gene683",0.0751228504716499,1,0.0751228504716499,1,1,1,1,1
"Gene684","Gene684",0.0338119472872069,1,0.0338119472872069,1,1,1,1,1
"Gene685","Gene685",0.000350751109466654,1,0.000350751109466654,1,1,1,1,1
"Gene686","Gene686",0.0312945043777066,1,0.0312945043777066,1.51044329414672,1,1,1,1
"Gene687","Gene687",0.0178951858876326,1,0.0178951858876326,1,1,1,1,1
"Gene688","Gene688",0.00996851951709722,1,0.00996851951709722,1,1,1,1,1
"Gene689","Gene689",0.0042932103202172,1,0.0042932103202172,1,1,1,1,1.24991526377668
"Gene690","Gene690",0.0441773288509442,1,0.0441773288509442,1,1,1.00642790055335,1,1
"Gene691","Gene691",0.0333043170086258,1,0.0333043170086258,1,1,1,1,1
"Gene692","Gene692",0.0324497243927578,1,0.0324497243927578,1,1,1,1,1
"Gene693","Gene693",0.015463569420621,1,0.015463569420621,1,1,1,1,1
"Gene694","Gene694",0.0275690916343312,1,0.0275690916343312,1,1,1,1,1
"Gene695","Gene695",0.00505030141551408,1,0.00505030141551408,1,1,1,1,1
"Gene696","Gene696",0.0259641294928317,48.6666646920074,1.14944279893029,0.702052569214297,1,1,1,1
"Gene697","Gene697",0.0191128397674463,1,0.0191128397674463,1,1,1,1,1
"Gene698","Gene698",0.0012735079856488,1,0.0012735079856488,1,1,1.30615232192343,1,1
"Gene699","Gene699",0.0859995990443193,1,0.0859995990443193,1,1.58794583318639,1,1,1
"Gene700","Gene700",0.00627894897657409,1,0.00627894897657409,1,1,1,1,1
"Gene701","Gene701",0.0316653014103613,1,0.0316653014103613,1.23271192052826,1,1,1,1
"Gene702","Gene702",0.0237834864031254,1,0.0237834864031254,1,1,1,1,1.52310616361505
"Gene703","Gene703",0.00114087966114601,1,0.00114087966114601,1,1,1,1,1
"Gene704","Gene704",0.0338826500256348,1,0.0338826500256348,1,1,1.35864535727395,0.375405859273224,1
"Gene705","Gene705",0.0703726879045899,1,0.0703726879045899,1,1,1,1,1
"Gene706","Gene706",0.00248585096053108,1,0.00248585096053108,1,1,1,1,1
"Gene707","Gene707",0.0161845527902675,1,0.0161845527902675,1,1,1,1,1
"Gene708","Gene708",0.0107319088164398,45.5276421294446,1.07530320249293,1,1,1,1,1
"Gene709","Gene709",0.00954906125670414,1,0.00954906125670414,1,1,1,1,1.37544497033901
"Gene710","Gene710",0.0151294588608435,1,0.0151294588608435,1,1,1,1,1
"Gene711","Gene711",0.00947020711875864,1,0.00947020711875864,1,1,1,1,1
"Gene712","Gene712",0.0155208354765461,1,0.0155208354765461,1,1,1,1.41078603114835,1.43919792270329
"Gene713","Gene713",0.0619574943569827,1,0.0619574943569827,1,1,1,1,0.673435817845691
"Gene714","Gene714",0.0352748795448196,1,0.0352748795448196,1,1,1,1,1
"Gene715","Gene715",0.0334867732965688,1,0.0334867732965688,1,1,1,1,1
"Gene716","Gene716",0.0356252247058772,1,0.0356252247058772,1,1,1,1,1
"Gene717","Gene717",0.0127183315798121,1,0.0127183315798121,1,1,1,1,1
"Gene718","Gene718",0.008927135026655,1,0.008927135026655,1,1,1,1,1
"Gene719","Gene719",0.0116721268563616,1,0.0116721268563616,1,1,1,1,1
"Gene720","Gene720",0.00706397289363178,1,0.00706397289363178,1,1,1,1,1
"Gene721","Gene721",0.0232393514485062,1,0.0232393514485062,1,1,1,1,1
"Gene722","Gene722",0.0852581665709333,1,0.0852581665709333,1,1,1,1,0.437339388794449
"Gene723","Gene723",0.0140597701038797,34.4974388710422,0.814784266454355,1,0.940196936081526,1,1,1
"Gene724","Gene724",0.0303978268840524,1,0.0303978268840524,1,1.20114901117499,1,1,1
"Gene725","Gene725",0.0690330880973311,1,0.0690330880973311,1,1,1,1,0.793646668519198
"Gene726","Gene726",0.0384539908901543,1,0.0384539908901543,1,1,1,1,0.775458396152321
"Gene727","Gene727",0.054560451806516,33.6132478766448,0.793900834688053,1,1,1,1,1
"Gene728","Gene728",0.00773655630460252,1,0.00773655630460252,1,0.464103752324536,1,1,1
"Gene729","Gene729",0.0524135176314778,1,0.0524135176314778,1,1,1,0.709043713972329,1
"Gene730","Gene730",0.0578703971600921,1,0.0578703971600921,1,1,1,1,1
"Gene731","Gene731",0.0254053912241481,1,0.0254053912241481,1,1,1,1,1
"Gene732","Gene732",0.0194557569913515,1,0.0194557569913515,1,1,1,1,1
"Gene733","Gene733",0.0197722939723781,1,0.0197722939723781,1,1,1,1,1
"Gene734","Gene734",0.000319827035489428,1,0.000319827035489428,1,1,1,1,1
"Gene735","Gene735",0.00541272119915628,1,0.00541272119915628,1,1,1,1,1
"Gene736","Gene736",0.0428641636286254,1,0.0428641636286254,1.2281176402134,1,1,1,1
"Gene737","Gene737",0.00646374258116795,1,0.00646374258116795,1,1,1,1,1
"Gene738","Gene738",0.0797470370078552,1,0.0797470370078552,1,1,1,1,1
"Gene739","Gene739",0.0615328105370873,1,0.0615328105370873,1,1,1,1,1
"Gene740","Gene740",0.0441265740842606,1,0.0441265740842606,1.21536348127485,1,1,0.474264424128568,1
"Gene741","Gene741",0.00821957355747058,1,0.00821957355747058,1,1,1,1,1
"Gene742","Gene742",0.000490953069984971,1,0.000490953069984971,1,1,1,1,1
"Gene743","Gene743",0.00038989730870808,1,0.00038989730870808,1,1,1,1,1
"Gene744","Gene744",0.0308484435933031,36.0848432604874,0.852276676422976,1,1,1,1.0868616324881,1
"Gene745","Gene745",0.0407082200420782,1,0.0407082200420782,1,1,1,1,1
"Gene746","Gene746",0.05223536852649,1,0.05223536852649,1,1,1,1,1
"Gene747","Gene747",0.0455508316959961,1,0.0455508316959961,1,1,1,1.43054445888706,1
"Gene748","Gene748",0.00149039740147567,1,0.00149039740147567,1,1,1,1,1
"Gene749","Gene749",0.0062415952116345,1,0.0062415952116345,1,1,1,1,1
"Gene750","Gene750",0.0107527222702399,1,0.0107527222702399,1,1,1,1,1
"Gene751","Gene751",0.0364492883854322,1,0.0364492883854322,1,1,0.70513236249558,1,1
"Gene752","Gene752",0.0727782909826857,1,0.0727782909826857,1,1,1,1,1
"Gene753","Gene753",0.0617856697621991,1,0.0617856697621991,1,1,1,1,1
"Gene754","Gene754",0.0649714804683064,1,0.0649714804683064,1,1,1,1,1
"Gene755","Gene755",0.0116035166511698,1,0.0116035166511698,1,1,1,1,2.14479852660344
"Gene756","Gene756",0.0160952119728517,1,0.0160952119728517,1,1,1,1,1
"Gene757","Gene757",0.00470467127551008,1,0.00470467127551008,1,1,1,1.27362800584464,1
"Gene758","Gene758",0.00338171245417052,1,0.00338171245417052,1,1,1,1,1
"Gene759","Gene759",0.0118945355254443,1,0.0118945355254443,1,1,1.2886317354732,1,1
"Gene760","Gene760",0.00237267280195065,1,0.00237267280195065,1,1,0.6731291536981,1.05794897258752,1
"Gene761","Gene761",0.0691958413660816,1,0.0691958413660816,1,1,1,1,0.862557601115109
"Gene762","Gene762",0.0156881293534862,1,0.0156881293534862,1,1,1,1,1
"Gene763","Gene763",0.00142728631935065,1,0.00142728631935065,1,1,1,1,1
"Gene764","Gene764",0.00268391716313004,1,0.00268391716313004,1,1,1.41141062444888,0.465247739302777,1
"Gene765","Gene765",0.0115251562794621,1,0.0115251562794621,1,1,1,1,1
"Gene766","Gene766",0.00592317382798616,1,0.00592317382798616,1,1,1.14675489933588,0.990265783608147,1
"Gene767","Gene767",0.0695814962536647,1,0.0695814962536647,1,1,1,1,0.684185049360037
"Gene768","Gene768",0.0334094159985415,1,0.0334094159985415,1,1,1,1,1
"Gene769","Gene769",0.0115543496646159,1,0.0115543496646159,1,1,1,1,1
"Gene770","Gene770",0.0303462525067215,1,0.0303462525067215,1,1,1,1,1
"Gene771","Gene771",0.0402215414896705,1,0.0402215414896705,1,1,1,1,1
"Gene772","Gene772",0.0196809795081181,1,0.0196809795081181,0.668559115441152,1,1,1,1
"Gene773","Gene773",0.0496400116929674,1,0.0496400116929674,1,1,1,0.801228028387535,1.84281708125365
"Gene774","Gene774",0.0872941169967697,1,0.0872941169967697,1,1,1,1,1
"Gene775","Gene775",0.0368574649236672,1,0.0368574649236672,0.911036750447141,1,1,1,1
"Gene776","Gene776",0.0353581215051626,1,0.0353581215051626,1,1,1.25793219387757,1,1
"Gene777","Gene777",0.032460701241654,1,0.032460701241654,1,1,1,1,1
"Gene778","Gene778",0.00306131890487537,1,0.00306131890487537,1,1,1,1,1
"Gene779","Gene779",0.111284531927297,1,0.111284531927297,1,1,1.58235904107515,1,1
"Gene780","Gene780",0.13981729468766,1,0.13981729468766,1,1,1,1,1
"Gene781","Gene781",0.0053276940795558,1,0.0053276940795558,1,1,1,1,1
"Gene782","Gene782",0.0687124393913969,1,0.0687124393913969,1,1,1,1,1
"Gene783","Gene783",0.15848623012361,1,0.15848623012361,1,1,1,1,1
"Gene784","Gene784",0.0168729547249888,1,0.0168729547249888,1,1,1,0.514860298838638,1
"Gene785","Gene785",0.00348025850179071,1,0.00348025850179071,1,0.515353529711517,1,1,1
"Gene786","Gene786",0.00170064940858163,1,0.00170064940858163,1,1,1,1,1
"Gene787","Gene787",0.00646538709739784,1,0.00646538709739784,1,1,1,1,0.705196903055586
"Gene788","Gene788",0.0332221445637088,1,0.0332221445637088,1,1,1,0.627499706070881,1.37349469005544
"Gene789","Gene789",0.0242740534323564,1,0.0242740534323564,1,1,1,1,1
"Gene790","Gene790",0.0181391684847387,1,0.0181391684847387,1,1,1,1,1
"Gene791","Gene791",0.0401882126918482,1,0.0401882126918482,1,1,1,1,1
"Gene792","Gene792",0.0254768651417901,1,0.0254768651417901,1,1,1,1,1
"Gene793","Gene793",0.0044174032695429,1,0.0044174032695429,1,1,1,1,1
"Gene794","Gene794",0.0915839591579416,1,0.0915839591579416,1,1,1,1,1.0883452738323
"Gene795","Gene795",0.0283371924445333,1,0.0283371924445333,1.49813982273506,1.30492179168819,0.625943196973576,1,1
"Gene796","Gene796",0.0165531233401802,47.7611755660884,1.12805633322765,1,1,1,1,1
"Gene797","Gene797",0.0113796057873944,39.0126718965835,0.9214281492753,1,1,1,1,1
"Gene798","Gene798",0.0586569344825494,1,0.0586569344825494,1,1,1,1,1
"Gene799","Gene799",0.00523201782046475,1,0.00523201782046475,1,1,1,0.672508942485674,1
"Gene800","Gene800",0.0440246508291764,1,0.0440246508291764,1,1,1,1,1
"Gene801","Gene801",0.019260024259207,1,0.019260024259207,1,1,1,0.718031932089072,1
"Gene802","Gene802",0.0103972169265693,1,0.0103972169265693,1,1,1,1,1
"Gene803","Gene803",0.0407128978455628,1,0.0407128978455628,1,1,0.589143711973843,1,1
"Gene804","Gene804",0.02431039505352,1,0.02431039505352,1,1,1,1.31192029687443,1
"Gene805","Gene805",0.0226248007077825,1,0.0226248007077825,1,1,0.757354746335526,1,1
"Gene806","Gene806",0.0028288060200727,1,0.0028288060200727,1,1,1,1,1
"Gene807","Gene807",0.13690763525583,1,0.13690763525583,1.03176366484729,1.2840461010121,1,1,1
"Gene808","Gene808",0.0891486467356357,1,0.0891486467356357,1,1,1,2.40565781998797,1
"Gene809","Gene809",0.0376442035780255,1,0.0376442035780255,1,1,1.50229238447348,1,1
"Gene810","Gene810",0.0289297960901299,1,0.0289297960901299,1,1,1,1,1
"Gene811","Gene811",0.00644042761422739,1,0.00644042761422739,1,1,1,1,1
"Gene812","Gene812",0.00360687472826066,1,0.00360687472826066,1,1,1,1,1
"Gene813","Gene813",0.0211934014664307,1,0.0211934014664307,1,1,1,1,1
"Gene814","Gene814",0.0582550287569338,1,0.0582550287569338,1,1,1,1,0.770912617876934
"Gene815","Gene815",0.0209124017148102,1,0.0209124017148102,1,1,1,1,1
"Gene816","Gene816",0.109122862383342,1,0.109122862383342,1,1,1,1,1
"Gene817","Gene817",0.0076172187246604,1,0.0076172187246604,1,1,1,1,1
"Gene818","Gene818",0.0008875366667662,1,0.0008875366667662,1,1,1,1,1
"Gene819","Gene819",0.0117457421281756,1,0.0117457421281756,1,1,1,1,1.70702488805782
"Gene820","Gene820",0.00575561194003945,24.2642200139257,0.573089056814851,1,1,1,1,1
"Gene821","Gene821",0.00521862732596367,1,0.00521862732596367,1,1,1,1,1
"Gene822","Gene822",0.0256940683678468,1,0.0256940683678468,1,0.924417127860092,1.51804171939424,1,1.13086320223898
"Gene823","Gene823",0.0137596334884094,1,0.0137596334884094,1,1,1,1,1
"Gene824","Gene824",0.00575141438331817,1,0.00575141438331817,1,1,1,1,1
"Gene825","Gene825",0.00753190764118249,1,0.00753190764118249,1.00612403338875,1,1,1,1
"Gene826","Gene826",0.0567860334405543,44.5116695293569,1.05130726201762,1,1,2.30356764156857,1,1
"Gene827","Gene827",0.0020780262922441,1,0.0020780262922441,1,1,1,1,1
"Gene828","Gene828",0.0289576372517496,1,0.0289576372517496,1,1,1,1,1
"Gene829","Gene829",0.0132707023688228,1,0.0132707023688228,1,1,1,1,1
"Gene830","Gene830",0.0782775480642967,1,0.0782775480642967,1,1,1,1,1
"Gene831","Gene831",0.0306004847069525,1,0.0306004847069525,1,0.880286271145979,1,1,1
"Gene832","Gene832",0.00653729344843464,1,0.00653729344843464,1,1,1,1,1
"Gene833","Gene833",0.00399473372137978,1,0.00399473372137978,1,1,1,1,1
"Gene834","Gene834",0.0412814937244377,1,0.0412814937244377,1,1,1,1,0.461014364354547
"Gene835","Gene835",0.00716755757991053,1,0.00716755757991053,1,1,1,1,1
"Gene836","Gene836",0.0455924428852597,1,0.0455924428852597,1,1,1,1,1
"Gene837","Gene837",0.0199498230640723,34.7761809835474,0.821367789611437,1,1,1.02205461340344,0.859466394425756,1
"Gene838","Gene838",0.0325686961322296,1,0.0325686961322296,1,1,1,1,0.800478951043659
"Gene839","Gene839",0.0340635416877584,1,0.0340635416877584,1,1,1,1,1
"Gene840","Gene840",0.00151972832921489,1,0.00151972832921489,1,1,1,1,1
"Gene841","Gene841",0.0583615733865774,52.5084617688287,1.24018100778126,1,1,1,1,1
"Gene842","Gene842",0.00116119734348218,1,0.00116119734348218,1,1,1,1,1
"Gene843","Gene843",0.0126522816497039,1,0.0126522816497039,1,1.4104348775326,1,1,1
"Gene844","Gene844",0.0239284191102735,1,0.0239284191102735,1,1,1,1,1
"Gene845","Gene845",0.0284762599804645,1,0.0284762599804645,1.07207754710462,1,1,1,1
"Gene846","Gene846",0.0309851382082223,1,0.0309851382082223,0.686802268261501,1,1,1.14229324989775,1
"Gene847","Gene847",0.00592682817189733,1,0.00592682817189733,1.68233073065472,1,1,1,1
"Gene848","Gene848",0.00681504259320352,1,0.00681504259320352,1,1,0.562913798480271,1,1
"Gene849","Gene849",0.0744490459464812,1,0.0744490459464812,1,1,1,1,0.530630277852497
"Gene850","Gene850",0.0133148456416582,1,0.0133148456416582,1,1,1,1,1
"Gene851","Gene851",0.0142524808221375,25.5692622240786,0.603912442396207,1,1,1,1,1
"Gene852","Gene852",0.0680933721447032,1,0.0680933721447032,1,1,1,1,1
"Gene853","Gene853",0.0392553429648678,1,0.0392553429648678,1,1.22990591802381,1,1,1
"Gene854","Gene854",0.0793417097335694,1,0.0793417097335694,1,1,0.602218027698662,1,1
"Gene855","Gene855",0.00590895294290053,1,0.00590895294290053,1,0.495000672929982,1,1.50797131059913,1
"Gene856","Gene856",0.024315321154724,1,0.024315321154724,1,1,1,1,1
"Gene857","Gene857",0.0219655849796942,1,0.0219655849796942,1,1,1,1,1
"Gene858","Gene858",0.0771221655406533,1,0.0771221655406533,1,0.765644834097613,1,1,1
"Gene859","Gene859",0.0152816500972746,1,0.0152816500972746,1,1,1,1,1
"Gene860","Gene860",0.0016436850422485,1,0.0016436850422485,1,1,1,1,1
"Gene861","Gene861",0.0144527126013273,1,0.0144527126013273,1,1,1,1,1
"Gene862","Gene862",0.0122980584102188,1,0.0122980584102188,2.17626476919941,1,1,1,0.576138356316993
"Gene863","Gene863",0.0591120105043297,1,0.0591120105043297,1,1,1.29978159748718,1,1
"Gene864","Gene864",0.0122713754532999,1,0.0122713754532999,1,0.833413819763294,1,1,1
"Gene865","Gene865",0.0269833610945841,1,0.0269833610945841,1,1,1,1,1
"Gene866","Gene866",0.0612177658898812,1,0.0612177658898812,1,1,1,1,0.577143629071601
"Gene867","Gene867",0.0685767119427918,1,0.0685767119427918,1,1,1,1,1
"Gene868","Gene868",0.0508877008582812,1,0.0508877008582812,1,1,1,1,1
"Gene869","Gene869",0.0511393972165327,1,0.0511393972165327,1,1,1,1,0.966979965448897
"Gene870","Gene870",0.000275515537517217,1,0.000275515537517217,1,1.83055927006207,1,1,1
"Gene871","Gene871",0.00888740717540702,1,0.00888740717540702,0.903764713341597,1,1,1,1
"Gene872","Gene872",0.0685680905288746,1,0.0685680905288746,1,1,1,1,1
"Gene873","Gene873",0.011879823824558,1,0.011879823824558,1.57165255253157,1,1,1,1
"Gene874","Gene874",0.000290548590380076,1,0.000290548590380076,1,1,1,1,1
"Gene875","Gene875",0.0150388016727558,1,0.0150388016727558,2.05308005570831,1,1,1,1
"Gene876","Gene876",0.0369656221652654,1,0.0369656221652654,1,1,1,1.30116852858869,1.46903579083533
"Gene877","Gene877",0.00229613878378553,1,0.00229613878378553,1,1,1,1,1
"Gene878","Gene878",0.0267708255085608,1,0.0267708255085608,1,1,1,1.83189812961905,1
"Gene879","Gene879",0.0230648664578418,1,0.0230648664578418,1,1,1,1,1
"Gene880","Gene880",0.0456513612661272,1,0.0456513612661272,1,1,1,1,1
"Gene881","Gene881",0.0772830293560879,1,0.0772830293560879,1,1,0.79994779413406,1,1
"Gene882","Gene882",0.017972039377356,1,0.017972039377356,1,1,1,1,1
"Gene883","Gene883",0.040003727250528,1,0.040003727250528,1,1,1,1,1
"Gene884","Gene884",0.0204396798229142,1,0.0204396798229142,1,1,1,1,1
"Gene885","Gene885",0.0150488693794202,1,0.0150488693794202,1,1,1,1,1.66198006610381
"Gene886","Gene886",0.0713076805599636,1,0.0713076805599636,1,1,1,1,1
"Gene887","Gene887",0.00770767026128029,1,0.00770767026128029,1.39264173691006,1,1,1,1
"Gene888","Gene888",0.0235893733446019,1,0.0235893733446019,1,1,1,1,1
"Gene889","Gene889",0.0138287496935399,1,0.0138287496935399,1,1,1,1,1
"Gene890","Gene890",0.0226058295317336,1,0.0226058295317336,1,1,1,1,1
"Gene891","Gene891",0.0203409410662063,1,0.0203409410662063,1,1,1,1,1
"Gene892","Gene892",0.024804435641541,1,0.024804435641541,1,1,1,1,0.448286261695961
"Gene893","Gene893",0.00991844729285357,1,0.00991844729285357,1,1,1,1,1
"Gene894","Gene894",0.00811114419279,1,0.00811114419279,1,1,1,1.67734586705454,1
"Gene895","Gene895",0.00142523807966012,1,0.00142523807966012,1,1,1,1,1
"Gene896","Gene896",0.148051199319432,1,0.148051199319432,1,1,1,1,1
"Gene897","Gene897",0.00511251817423638,1,0.00511251817423638,1,1,1,1,1
"Gene898","Gene898",0.0551467459379932,1,0.0551467459379932,1,0.981570760625847,1,1,1
"Gene899","Gene899",0.0186698491460059,1,0.0186698491460059,1,1,1,1,0.327934521326728
"Gene900","Gene900",0.129444770730242,1,0.129444770730242,1,1,1,1,1
"Gene901","Gene901",0.00634517318820615,1,0.00634517318820615,0.953451742731699,1,0.521574302046528,1,1
"Gene902","Gene902",0.00943165082808846,1,0.00943165082808846,1,1,1,1,1
"Gene903","Gene903",0.0441952855085641,1,0.0441952855085641,1,1,0.774226902619814,1,1
"Gene904","Gene904",0.0213107796328839,1,0.0213107796328839,1,0.612212097075529,1,1,1
"Gene905","Gene905",0.00659742143275126,1,0.00659742143275126,1,1,1,1,1
"Gene906","Gene906",0.0220739788328658,1,0.0220739788328658,1,1,1,1,1
"Gene907","Gene907",0.0331714631267913,1,0.0331714631267913,1,1,0.870987179157146,1,1
"Gene908","Gene908",0.00604620115352172,1,0.00604620115352172,1,1,1,1,1
"Gene909","Gene909",0.111519338865011,1,0.111519338865011,1,1,1,1,1
"Gene910","Gene910",0.0602357625662885,1,0.0602357625662885,1,1,1,1,1
"Gene911","Gene911",0.0144894139437651,1,0.0144894139437651,1,1,1,1,1
"Gene912","Gene912",0.00226737862428644,1,0.00226737862428644,1,1,1,1,0.377572631833005
"Gene913","Gene913",0.0127447925182792,1,0.0127447925182792,1,1,1,1,1
"Gene914","Gene914",0.0347322045602262,1,0.0347322045602262,1,1,1,1,1
"Gene915","Gene915",0.12009025826558,1,0.12009025826558,1,1,1,1,1
"Gene916","Gene916",0.0168484234229316,19.8009434299924,0.467672317009404,1,1,1,0.353085858195264,1
"Gene917","Gene917",0.0270035161056365,1,0.0270035161056365,1,1,1,1,1.1696525654184
"Gene918","Gene918",0.0313585557407148,1,0.0313585557407148,1,1,1,1,1
"Gene919","Gene919",0.0421202893717538,33.1539743974762,0.783053397397846,1,1,1,1,1
"Gene920","Gene920",0.0354048126599718,1,0.0354048126599718,1,1,1,1,1
"Gene921","Gene921",0.0178545949202536,1,0.0178545949202536,1.4093700207622,1,1,1,1
"Gene922","Gene922",0.0619669369077549,1,0.0619669369077549,1.20563711692871,1,1,1,1
"Gene923","Gene923",0.029680473015335,1,0.029680473015335,1,1,1,1,1
"Gene924","Gene924",0.0328355687569186,1,0.0328355687569186,1,1,1,1,1
"Gene925","Gene925",0.0364044084200095,1,0.0364044084200095,1,1,1.10356662173498,1,1
"Gene926","Gene926",0.0177132302097959,1,0.0177132302097959,1,1,1,1,1
"Gene927","Gene927",0.00621282851621333,1,0.00621282851621333,1,1.53766130170887,1,1,1
"Gene928","Gene928",0.0211626374041577,1,0.0211626374041577,1,1,1,1,1
"Gene929","Gene929",0.0082858749197617,1,0.0082858749197617,1,1,1,1,1
"Gene930","Gene930",0.0265139451086422,1,0.0265139451086422,1,1,1,1,1
"Gene931","Gene931",0.0591196717859299,1,0.0591196717859299,1,1,1,1.98474801805322,1
"Gene932","Gene932",0.0461025537197494,1,0.0461025537197494,1,1,1,1.26577122270669,0.856465088015391
"Gene933","Gene933",0.0324768401326001,1,0.0324768401326001,1,1,1,1,1
"Gene934","Gene934",0.00291350831988236,1,0.00291350831988236,1,1,1,1,1
"Gene935","Gene935",0.000296631461460329,1,0.000296631461460329,1,1,1,1,1
"Gene936","Gene936",0.0192712098853052,1,0.0192712098853052,1,1,1,1,1
"Gene937","Gene937",0.0127758686880934,1,0.0127758686880934,1,1,0.920128327343859,1,1
"Gene938","Gene938",0.175712528692433,1,0.175712528692433,1,1,1,1,1
"Gene939","Gene939",0.00116126795660499,1,0.00116126795660499,1,1,1,1,1
"Gene940","Gene940",0.0177044101651855,1,0.0177044101651855,1,1,1,1,1
"Gene941","Gene941",0.0421560942358518,31.5089510210988,0.744200102518989,1,1,1,0.878757054745151,1
"Gene942","Gene942",0.040180427499513,1,0.040180427499513,1,1,0.67622500771772,1,1
"Gene943","Gene943",0.0310704541436386,1,0.0310704541436386,1,1,1,1,0.632473409630636
"Gene944","Gene944",0.00139843122949807,1,0.00139843122949807,1,1,1,1,1
"Gene945","Gene945",0.0355822126026945,1,0.0355822126026945,1,1,1,1,1
"Gene946","Gene946",0.0944016986790943,1,0.0944016986790943,1,1,1,1,1
"Gene947","Gene947",4.26473381925262e-05,1,4.26473381925262e-05,1,1,1,1,1
"Gene948","Gene948",0.00881754984965809,1,0.00881754984965809,0.733097559870484,1,1,1,1
"Gene949","Gene949",0.00327866254818181,1,0.00327866254818181,1,1,1,1,1
"Gene950","Gene950",0.161290040483932,1,0.161290040483932,1,1,1,1,1
"Gene951","Gene951",0.0257699767012004,1,0.0257699767012004,1,1,1,1,1
"Gene952","Gene952",0.00865132894216606,1,0.00865132894216606,1.32948522066824,1,1,1,1
"Gene953","Gene953",0.128556343212997,1,0.128556343212997,1,1,1,1,0.859227222296515
"Gene954","Gene954",0.0564732978124374,1,0.0564732978124374,1,1,1,1,1
"Gene955","Gene955",0.0424035070706151,1,0.0424035070706151,1,1,1,1,1
"Gene956","Gene956",0.0149533825396112,1,0.0149533825396112,2.01697019627844,1,1,1,1
"Gene957","Gene957",0.0157345124025101,1,0.0157345124025101,1.27278045374349,1,1,1,1
"Gene958","Gene958",0.0197394916336146,1,0.0197394916336146,1,1,1,1,1
"Gene959","Gene959",0.0074062616370839,1,0.0074062616370839,1,1,1.90184332488882,1,1
"Gene960","Gene960",0.0221646120010833,1,0.0221646120010833,1,1,1,1,1
"Gene961","Gene961",0.00219056210317962,1,0.00219056210317962,1,1,1,1,1
"Gene962","Gene962",0.0255857103579581,1,0.0255857103579581,1,1,1,1,1
"Gene963","Gene963",0.137498300238682,50.9106503410281,1.2024427972144,1,1,1,1,1
"Gene964","Gene964",0.00096160087878376,1,0.00096160087878376,1,1,1,1,1
"Gene965","Gene965",0.0412285860558681,1,0.0412285860558681,1,1,1,1,1
"Gene966","Gene966",0.0357644945805845,1,0.0357644945805845,1,1,0.803146964519652,1,1
"Gene967","Gene967",0.00115829185703356,1,0.00115829185703356,1.06137046216086,1,1,1,1
"Gene968","Gene968",0.074208679159025,1,0.074208679159025,1,1,1,1,1
"Gene969","Gene969",0.015660656981404,1,0.015660656981404,1,1,1,1,1
"Gene970","Gene970",0.0121465794278784,1,0.0121465794278784,1,1,0.390595612562774,1,1
"Gene971","Gene971",0.145822508023368,1,0.145822508023368,1,1,1,1,1
"Gene972","Gene972",0.0144967998390971,1,0.0144967998390971,1,1,1,1,1
"Gene973","Gene973",0.0400004960579052,1,0.0400004960579052,1,1,1,1,1
"Gene974","Gene974",0.0274694811026376,1,0.0274694811026376,1,1,1,1,1
"Gene975","Gene975",0.112013326573307,1,0.112013326573307,1,1.37270896256062,1,1,1
"Gene976","Gene976",0.00666737405311372,1,0.00666737405311372,0.600841660144955,1,1,1,1
"Gene977","Gene977",0.026318919537233,20.0861659222564,0.474408898238066,0.802239277809111,0.598840763420042,1,1,1
"Gene978","Gene978",0.000361192485819228,1,0.000361192485819228,1,1,1,1,1
"Gene979","Gene979",0.0291640194399935,1,0.0291640194399935,1,0.960376266465289,1,1,1
"Gene980","Gene980",8.16753015448921e-05,1,8.16753015448921e-05,1,1,1,1,1
"Gene981","Gene981",0.029547344062916,1,0.029547344062916,1,1,1,1,1
"Gene982","Gene982",0.0173669399133085,1,0.0173669399133085,1,1,1,1,1
"Gene983","Gene983",0.0308727489872587,1,0.0308727489872587,1,1,1,1,1
"Gene984","Gene984",0.0374316383482701,1,0.0374316383482701,1,0.908509331911177,1,1,1
"Gene985","Gene985",0.0757231848397679,1,0.0757231848397679,1,1,1,1,1
"Gene986","Gene986",0.0234709659231586,1,0.0234709659231586,1,1,1,1,1
"Gene987","Gene987",0.0115814229899655,1,0.0115814229899655,1,1,1,1,1
"Gene988","Gene988",0.0173663478678667,1,0.0173663478678667,1,1,1,1,1
"Gene989","Gene989",0.0278567770971428,1,0.0278567770971428,1,1,1,1,1
"Gene990","Gene990",0.00569106794095392,1,0.00569106794095392,1,1,1,1,1
"Gene991","Gene991",0.00154610915801264,1,0.00154610915801264,1,1,1,1,1
"Gene992","Gene992",0.00809243154270053,1,0.00809243154270053,1,1,1,0.888263888767792,1
"Gene993","Gene993",0.00469903184064407,26.9133350940463,0.635657680977877,1,1,1,1,1
"Gene994","Gene994",0.023633322000549,1,0.023633322000549,1,1,1,1,1.15100918377401
"Gene995","Gene995",0.0138218331266533,1,0.0138218331266533,1,1,1,1,1
"Gene996","Gene996",0.151088623743888,1,0.151088623743888,1,1,1,1,1
"Gene997","Gene997",0.0421739733801825,1,0.0421739733801825,0.981069415912425,1,1,1,1
"Gene998","Gene998",0.0360174169906413,37.976890303023,0.896964346351527,1,1,1,1,1
"Gene999","Gene999",0.000244546656931426,1,0.000244546656931426,1,1,1,1,1
"Gene1000","Gene1000",0.00126082449241691,1,0.00126082449241691,1,1,1,1,1
